[
  {
    "name": "Malnutrition aiguë sévère",
    "code": "SEVERE_ACUTE_MALNUTRITION",
    "conditions": [
      {
        "value": "(wflh_unisex<(-3)) || (wflh<(-3))",
        "variables": [
          "wflh_unisex"
        ]
      },
      {
        "value": "((age_in_month >= 6) && (age_in_month< 96)) && ((wflh_unisex<(-3)) || (wflh<(-3)))",
        "variables": [
          "age_in_month",
          "wflh_unisex"
        ]
      },
      {
        "value": "((age_in_month >= 6) && (age_in_month<96)) && (muac<115)",
        "variables": [
          "age_in_month",
          "muac"
        ]
      },
      {
        "value": "clinical_edema == 1",
        "variables": [
          "clinical_edema"
        ]
      },
      {
        "value": "(age_in_month<6) && ((wflh_unisex<(-3)) || (wflh<(-3)))",
        "variables": [
          "age_in_month",
          "wflh_unisex"
        ]
      },
      {
        "value": "(age_in_month<6) && (wfa<(-3))",
        "variables": [
          "age_in_month",
          "wfa"
        ]
      },
      {
        "value": "((age_in_month >= 60) && (age_in_month <= 216)) && (bmi_for_age<(-3))",
        "variables": [
          "age_in_month",
          "bmi_for_age"
        ]
      },
      {
        "value": "((age_in_month >= 96) && (age_in_month <=  216)) && (wfh_unisex_nchs<(-3))",
        "variables": [
          "age_in_month",
          "wfh_unisex_nchs"
        ]
      },
      {
        "value": "observation_muscle_loss == 1",
        "variables": [
          "observation_muscle_loss"
        ]
      }
    ]
  },
  {
    "name": "Malnutrition aiguë modérée",
    "code": "MODERATE_ACUTE_MALNUTRITION",
    "conditions": [
      {
        "value": "((wflh_unisex >= (-3)) || (wflh >= (-3))) && ((wflh_unisex < (-2)) || (wflh < (-2)))",
        "variables": [
          "wflh_unisex"
        ]
      },
      {
        "value": "(muac >= 115) && (muac < 125)",
        "variables": [
          "muac"
        ]
      }
    ]
  },
  {
    "name": "Malnutrition chronique sévère",
    "code": "SEVERE_CHRONIC_MALNUTRITION",
    "conditions": [
      {
        "value": "hfa < (-3)",
        "variables": [
          "hfa"
        ]
      }
    ]
  },
  {
    "name": "Malnutrition chronique modérée",
    "code": "MODERATE_CHRONIC_MALNUTRITION",
    "conditions": [
      {
        "value": "(hfa >= (-3)) && (hfa < (-2))",
        "variables": [
          "hfa"
        ]
      }
    ]
  },
  {
    "name": "Insuffisance pondérale sévère",
    "code": "SEVERE_UNDERWEIGHT",
    "conditions": [
      {
        "value": "wfa < (-3)",
        "variables": [
          "wfa"
        ]
      }
    ]
  },
  {
    "name": "Insuffisance pondérale modérée",
    "code": "MODERATE_UNDERWEIGHT",
    "conditions": [
      {
        "value": "(wfa >= (-3)) && (wfa < (-2))",
        "variables": [
          "wfa"
        ]
      }
    ]
  },
  {
    "name": "Obésité",
    "code": "OBESITY",
    "conditions": [
      {
        "value": "bmi_for_age > 3",
        "variables": [
          "bmi_for_age"
        ]
      }
    ]
  },
  {
    "name": "Surpoids",
    "code": "OVERWEIGHT",
    "conditions": [
      {
        "value": "(bmi_for_age > 2) && (bmi_for_age <= 3)",
        "variables": [
          "bmi_for_age"
        ]
      }
    ]
  },
  {
    "name": "État nutritionnel normal",
    "code": "NORMAL_NUTRITIONAL_STATUS",
    "conditions": [
      {
        "value": "\n          (wflh_unisex >= (-2)) && \n          (wflh_unisex <= 2) &&\n          (muac >= 125) &&\n          (clinical_edema == 0) &&\n          (hfa >= (-2)) &&\n          (hfa <= 2) &&\n          (wfa >= (-2)) &&\n          (wfa <= 2) &&\n          (bmi_for_age >= (-2)) &&\n          (bmi_for_age <= 2)\n        ",
        "variables": [
          "wflh_unisex",
          "muac",
          "clinical_edema",
          "hfa",
          "wfa",
          "bmi_for_age"
        ]
      }
    ]
  }
]