{
  "code": "bmi_for_age",
  "name": "Body Mass Index For Age",
  "neededMeasureCodes": [
    "weight",
    "height",
    "age_in_day",
    "age_in_month"
  ],
  "axeX": {
    "value": "age_in_month > 60.97741273100616 ? age_in_month: age_in_day",
    "variables": [
      "age_in_month",
      "age_in_day"
    ]
  },
  "axeY": {
    "value": "weight/((lenhei/100)^2)",
    "variables": [
      "weight",
      "lenhei"
    ]
  },
  "availableRefCharts": [
    {
      "chartCode": "growth_ref_chart_bfa_boys_0_5",
      "condition": {
        "value": "(sex == 'M') && (age_in_day <= 1856)",
        "variables": [
          "sex",
          "age_in_day"
        ]
      }
    },
    {
      "chartCode": "growth_ref_chart_bfa_girls_0_5",
      "condition": {
        "value": "(sex == 'F') && (age_in_day <= 1856)",
        "variables": [
          "sex",
          "age_in_day"
        ]
      }
    },
    {
      "chartCode": "growth_ref_chart_bfa_boys_5_19",
      "condition": {
        "value": "(sex == 'M') && (age_in_day > 1856)",
        "variables": [
          "sex",
          "age_in_day"
        ]
      }
    },
    {
      "chartCode": "growth_ref_chart_bfa_girls_5_19",
      "condition": {
        "value": "(sex == 'F') && (age_in_day > 1856)",
        "variables": [
          "sex",
          "age_in_day"
        ]
      }
    }
  ],
  "availableRefTables": [],
  "usageConditions": {
    "value": "(age_in_day >= 0) && (age_in_month <= 228)",
    "variables": [
      "age_in_month"
    ]
  },
  "interpretations": [
    {
      "name": "Severe obesity",
      "code": "severe_obesity_5_19",
      "range": "above +3",
      "condition": {
        "value": "(age_in_day > 1856) && (zscore > 3)",
        "variables": [
          "zscore",
          "age_in_day"
        ]
      }
    },
    {
      "name": "Obesity",
      "code": "obesity_0_5",
      "range": "above +3",
      "condition": {
        "value": "(age_in_day <= 1856) && (zscore > 3)",
        "variables": [
          "zscore",
          "age_in_day"
        ]
      }
    },
    {
      "name": "Overweight",
      "code": "overweight_0_5",
      "range": "above +2",
      "condition": {
        "value": "(age_in_day <= 1856) && (zscore > 2) && (zscore <= 3)",
        "variables": [
          "zscore",
          "age_in_day"
        ]
      }
    },
    {
      "name": "Obesity",
      "code": "obesity_5_19",
      "range": "above +2",
      "condition": {
        "value": "(age_in_day > 1856) && (zscore > 2) && (zscore <= 3)",
        "variables": [
          "zscore",
          "age_in_day"
        ]
      }
    },
    {
      "name": "Overweight",
      "code": "overweight_5_19",
      "range": "above +1",
      "condition": {
        "value": "(age_in_day > 1856) && (zscore > 1) && (zscore <= 2)",
        "variables": [
          "zscore",
          "age_in_day"
        ]
      }
    },
    {
      "name": "Overweight Risk",
      "code": "overweight_risk",
      "range": "above +1",
      "condition": {
        "value": "(age_in_day <= 1856) && (zscore > 1) && (zscore <= 2)",
        "variables": [
          "zscore",
          "age_in_day"
        ]
      }
    },
    {
      "name": "Normal",
      "code": "normal",
      "range": "0",
      "condition": {
        "value": "(zscore >= (-2)) && (zscore <= 1)",
        "variables": [
          "zscore"
        ]
      }
    },
    {
      "name": "Wasted",
      "code": "wasted",
      "range": "below -2",
      "condition": {
        "value": "(zscore < (-2)) && (zscore >= (-3))",
        "variables": [
          "zscore"
        ]
      }
    },
    {
      "name": "Severely wasted",
      "code": "severely_wasted",
      "range": "below -3",
      "condition": {
        "value": "zscore < (-3)",
        "variables": [
          "zscore"
        ]
      }
    }
  ],
  "zScoreComputingStrategy": "age_based",
  "standardShape": "growth_curve"
}