{
  "code": "hfa",
  "name": "Height/Length For Age",
  "neededMeasureCodes": [
    "lenhei",
    "age_in_day",
    "age_in_month"
  ],
  "axeX": {
    "value": "age_in_day",
    "variables": [
      "age_in_day"
    ]
  },
  "axeY": {
    "value": "lenhei",
    "variables": [
      "lenhei"
    ]
  },
  "availableRefCharts": [
    {
      "chartCode": "growth_ref_chart_lhfa_boys_0_5",
      "condition": {
        "value": "(sex == 'M') && (age_in_day <= 1856)",
        "variables": [
          "sex",
          "age_in_day"
        ]
      }
    },
    {
      "chartCode": "growth_ref_chart_lhfa_girls_0_5",
      "condition": {
        "value": "(sex == 'F') && (age_in_day <= 1856)",
        "variables": [
          "sex",
          "age_in_day"
        ]
      }
    },
    {
      "chartCode": "growth_ref_chart_hfa_boys_5_19",
      "condition": {
        "value": "(sex == 'M') && (age_in_day > 1856)",
        "variables": [
          "sex",
          "age_in_day"
        ]
      }
    },
    {
      "chartCode": "growth_ref_chart_hfa_girls_5_19",
      "condition": {
        "value": "(sex == 'F') && (age_in_day > 1856)",
        "variables": [
          "sex",
          "age_in_day"
        ]
      }
    }
  ],
  "availableRefTables": [],
  "usageConditions": {
    "value": "age_in_month <= 228",
    "variables": [
      "age_in_month"
    ]
  },
  "interpretations": [
    {
      "name": "Tall",
      "code": "Tall",
      "range": "above +3",
      "condition": {
        "value": "zscore > 3",
        "variables": [
          "zscore"
        ]
      }
    },
    {
      "name": "Normal",
      "code": "normal",
      "range": "above +2",
      "condition": {
        "value": "(zscore >= (-2)) && (zscore <= 3)",
        "variables": [
          "zscore"
        ]
      }
    },
    {
      "name": "Stunted",
      "code": "stunted",
      "range": "below -2",
      "condition": {
        "value": "(zscore < (-2)) && (zscore >= (-3))",
        "variables": [
          "zscore"
        ]
      }
    },
    {
      "name": "Severely stunted",
      "code": "severely_stunted",
      "range": "below -3",
      "condition": {
        "value": "zscore < (-3)",
        "variables": [
          "zscore"
        ]
      }
    }
  ],
  "zScoreComputingStrategy": "age_based",
  "standardShape": "growth_curve"
}