{
  "code": "muac_for_age",
  "name": "Mid-Upper Arm Circumference For Age",
  "neededMeasureCodes": [
    "muac",
    "age_in_day"
  ],
  "axeX": {
    "value": "age_in_day",
    "variables": [
      "age_in_day"
    ]
  },
  "axeY": {
    "value": "muac",
    "variables": [
      "muac"
    ]
  },
  "availableRefCharts": [
    {
      "chartCode": "growth_ref_chart_acfa_boys_3m_5",
      "condition": {
        "value": "sex == 'M'",
        "variables": [
          "sex"
        ]
      }
    },
    {
      "chartCode": "growth_ref_chart_acfa_girls_3m_5",
      "condition": {
        "value": "sex == 'F'",
        "variables": [
          "sex"
        ]
      }
    }
  ],
  "availableRefTables": [],
  "usageConditions": {
    "value": "(age_in_day >= 91) && (age_in_day <= 1856)",
    "variables": [
      "age_in_day"
    ]
  },
  "interpretations": [
    {
      "name": "Well nourished",
      "code": "well_nourished",
      "range": "above +1",
      "condition": {
        "value": "zscore >= 1",
        "variables": [
          "zscore"
        ]
      }
    },
    {
      "name": "Normal",
      "code": "normal",
      "range": "0",
      "condition": {
        "value": "(zscore >= (-2)) && (zscore < 1)",
        "variables": [
          "zscore"
        ]
      }
    },
    {
      "name": "Moderate acute malnutrition",
      "code": "moderate_acute_malnutrition",
      "range": "below -2",
      "condition": {
        "value": "(zscore < (-2)) && (zscore >= (-3))",
        "variables": [
          "zscore"
        ]
      }
    },
    {
      "name": "Severe acute malnutrition",
      "code": "severe_acute_malnutrition",
      "range": "below -3",
      "condition": {
        "value": "zscore < (-3)",
        "variables": [
          "zscore"
        ]
      }
    }
  ],
  "zScoreComputingStrategy": "age_based",
  "standardShape": "growth_curve"
}