{
  "code": "ssf_for_age",
  "name": "Pli cutané sous-scapulaire pour l'Âge",
  "neededMeasureCodes": [
    "ssf",
    "age_in_day"
  ],
  "axeX": {
    "value": "age_in_day",
    "variables": [
      "age_in_day"
    ]
  },
  "axeY": {
    "value": "ssf",
    "variables": [
      "ssf"
    ]
  },
  "availableRefCharts": [
    {
      "chartCode": "growth_ref_chart_ssfa_boys_3m_5",
      "condition": {
        "value": "sex == 'M'",
        "variables": [
          "sex"
        ]
      }
    },
    {
      "chartCode": "growth_ref_chart_ssfa_girls_3m_5",
      "condition": {
        "value": "sex == 'F'",
        "variables": [
          "sex"
        ]
      }
    }
  ],
  "availableRefTables": [],
  "usageConditions": {
    "value": "(age_in_day >= 91) && (age_in_day <= 1856)",
    "variables": [
      "age_in_day"
    ]
  },
  "interpretations": [
    {
      "name": "Graisse tronculaire élevée",
      "code": "high_trunk_fat",
      "range": "above +2",
      "condition": {
        "value": "zscore > 2",
        "variables": [
          "zscore"
        ]
      }
    },
    {
      "name": "Graisse tronculaire au-dessus de la moyenne",
      "code": "above_average_trunk_fat",
      "range": "above +1",
      "condition": {
        "value": "(zscore > 1) && (zscore <= 2)",
        "variables": [
          "zscore"
        ]
      }
    },
    {
      "name": "Graisse tronculaire normale",
      "code": "normal_trunk_fat",
      "range": "0",
      "condition": {
        "value": "(zscore >= (-2)) && (zscore <= 1)",
        "variables": [
          "zscore"
        ]
      }
    },
    {
      "name": "Graisse tronculaire en dessous de la moyenne",
      "code": "below_average_trunk_fat",
      "range": "below -2",
      "condition": {
        "value": "(zscore < (-2)) && (zscore >= (-3))",
        "variables": [
          "zscore"
        ]
      }
    },
    {
      "name": "Faible graisse tronculaire",
      "code": "low_trunk_fat",
      "range": "below -3",
      "condition": {
        "value": "zscore < (-3)",
        "variables": [
          "zscore"
        ]
      }
    }
  ],
  "zScoreComputingStrategy": "age_based",
  "standardShape": "growth_curve"
}