{
  "code": "tsf_for_age",
  "name": "Pli cutané tricipital pour l'Âge",
  "neededMeasureCodes": [
    "tsf",
    "age_in_day"
  ],
  "axeX": {
    "value": " age_in_day",
    "variables": [
      "age_in_day"
    ]
  },
  "axeY": {
    "value": "tsf",
    "variables": [
      "tsf"
    ]
  },
  "availableRefCharts": [
    {
      "chartCode": "growth_ref_chart_tsfa_boys_3m_5",
      "condition": {
        "value": "sex == 'M' ",
        "variables": [
          "sex"
        ]
      }
    },
    {
      "chartCode": "growth_ref_chart_tsfa_girls_3m_5",
      "condition": {
        "value": "sex == 'F' ",
        "variables": [
          "sex"
        ]
      }
    }
  ],
  "availableRefTables": [],
  "usageConditions": {
    "value": "(age_in_day >= 91) && (age_in_day <= 1856)",
    "variables": [
      "age_in_day"
    ]
  },
  "interpretations": [
    {
      "name": "Réserves de graisse élevées",
      "code": "high_fat_stores",
      "range": "above +2",
      "condition": {
        "value": "zscore > 2",
        "variables": [
          "zscore"
        ]
      }
    },
    {
      "name": "Réserves de graisse au-dessus de la moyenne",
      "code": "above_average_fat_stores",
      "range": "above +1",
      "condition": {
        "value": "(zscore > 1) && (zscore <= 2)",
        "variables": [
          "zscore"
        ]
      }
    },
    {
      "name": "Réserves de graisse normales",
      "code": "normal_fat_stores",
      "range": "0",
      "condition": {
        "value": "(zscore >= (-2)) && (zscore <= 1)",
        "variables": [
          "zscore"
        ]
      }
    },
    {
      "name": "Réserves de graisse en dessous de la moyenne",
      "code": "below_average_fat_stores",
      "range": "below -2",
      "condition": {
        "value": "(zscore < (-2)) && (zscore >= (-3))",
        "variables": [
          "zscore"
        ]
      }
    },
    {
      "name": "Faibles réserves de graisse",
      "code": "low_fat_stores",
      "range": "below -3",
      "condition": {
        "value": "zscore < (-3)",
        "variables": [
          "zscore"
        ]
      }
    }
  ],
  "zScoreComputingStrategy": "age_based",
  "standardShape": "growth_curve"
}