{
  "code": "wfh_unisex_nchs",
  "name": "Weight For Length/Height (NCHS)",
  "neededMeasureCodes": [
    "weight",
    "lenhei"
  ],
  "axeX": {
    "value": "(lenhei - (lenhei % 1)) + ((lenhei % 1)<=0.2 ? 0:((lenhei %1)>=0.8?1:0.5))",
    "variables": [
      "lenhei"
    ]
  },
  "axeY": {
    "value": "weight",
    "variables": [
      "weight"
    ]
  },
  "availableRefCharts": [],
  "availableRefTables": [
    {
      "tableCode": "weight_for_height_nchs_unisex",
      "condition": {
        "value": "0==0",
        "variables": []
      }
    }
  ],
  "usageConditions": {
    "value": "lenhei > 120 && lenhei <= 171",
    "variables": [
      "lenhei"
    ]
  },
  "interpretations": [
    {
      "name": "Normal",
      "code": "normal",
      "range": "0",
      "condition": {
        "value": "zscore >= (-2) && zscore <= 1",
        "variables": [
          "zscore"
        ]
      }
    },
    {
      "name": "Wasted",
      "code": "wasted",
      "range": "below -2",
      "condition": {
        "value": "zscore < (-2) && zscore >= (-3)",
        "variables": [
          "zscore"
        ]
      }
    },
    {
      "name": "Severely wasted",
      "code": "severely_wasted",
      "range": "below -3",
      "condition": {
        "value": "zscore < (-3)",
        "variables": [
          "zscore"
        ]
      }
    }
  ],
  "zScoreComputingStrategy": "table_based",
  "standardShape": "growth_table"
}