{
  "code": "wfa",
  "name": "Weight For Age",
  "neededMeasureCodes": [
    "weight",
    "age_in_day"
  ],
  "axeX": {
    "value": "age_in_day",
    "variables": [
      "age_in_day"
    ]
  },
  "axeY": {
    "value": "weight",
    "variables": [
      "weight"
    ]
  },
  "availableRefCharts": [
    {
      "chartCode": "growth_ref_chart_wfa_boys_0_5",
      "condition": {
        "value": "(sex == 'M') && (age_in_day <= 1856)",
        "variables": [
          "sex",
          "age_in_day"
        ]
      }
    },
    {
      "chartCode": "growth_ref_chart_wfa_girls_0_5",
      "condition": {
        "value": "(sex == 'F') && (age_in_day <= 1856)",
        "variables": [
          "sex",
          "age_in_day"
        ]
      }
    },
    {
      "chartCode": "growth_ref_chart_wfa_boys_5_10",
      "condition": {
        "value": "(sex == 'M') && (age_in_day > 1856)",
        "variables": [
          "sex",
          "age_in_day"
        ]
      }
    },
    {
      "chartCode": "growth_ref_chart_wfa_girls_5_10",
      "condition": {
        "value": "(sex == 'F') && (age_in_day > 1856)",
        "variables": [
          "sex",
          "age_in_day"
        ]
      }
    }
  ],
  "availableRefTables": [],
  "usageConditions": {
    "value": "age_in_month <= 120",
    "variables": [
      "age_in_month"
    ]
  },
  "interpretations": [
    {
      "name": "High weight for age",
      "code": "high_weight",
      "range": "above +3",
      "condition": {
        "value": "zscore > 3",
        "variables": [
          "zscore"
        ]
      }
    },
    {
      "name": "Possible growth problem",
      "code": "possible_growth_problem",
      "range": "above +2",
      "condition": {
        "value": "(zscore > 2) && (zscore <= 3)",
        "variables": [
          "zscore"
        ]
      }
    },
    {
      "name": "Normal",
      "code": "normal",
      "range": "0",
      "condition": {
        "value": "(zscore >= (-2)) && (zscore <= 2)",
        "variables": [
          "zscore"
        ]
      }
    },
    {
      "name": "Underweight",
      "code": "underweight",
      "range": "below -2",
      "condition": {
        "value": "(zscore < (-2)) && (zscore >= (-3))",
        "variables": [
          "zscore"
        ]
      }
    },
    {
      "name": "Severely underweight",
      "code": "severely_underweight",
      "range": "below -3",
      "condition": {
        "value": "zscore < (-3)",
        "variables": [
          "zscore"
        ]
      }
    }
  ],
  "zScoreComputingStrategy": "age_based",
  "standardShape": "growth_curve"
}