[
  {
    "name": "centimètre",
    "code": "cm",
    "conversionFactor": 1,
    "baseUnitCode": "cm",
    "type": "LENGTH"
  },
  {
    "name": "mètre",
    "code": "m",
    "conversionFactor": 100,
    "baseUnitCode": "cm",
    "type": "LENGTH"
  },
  {
    "name": "millimètre",
    "code": "mm",
    "conversionFactor": 0.1,
    "baseUnitCode": "cm",
    "type": "LENGTH"
  },
  {
    "name": "gramme",
    "code": "g",
    "conversionFactor": 0.001,
    "baseUnitCode": "kg",
    "type": "WEIGHT"
  },
  {
    "name": "kilogramme",
    "code": "kg",
    "conversionFactor": 1,
    "baseUnitCode": "kg",
    "type": "WEIGHT"
  },
  {
    "name": "milligramme",
    "code": "mg",
    "conversionFactor": 0.001,
    "baseUnitCode": "g",
    "type": "WEIGHT"
  },
  {
    "name": "microgramme",
    "code": "µg",
    "conversionFactor": 0.000001,
    "baseUnitCode": "g",
    "type": "WEIGHT"
  },
  {
    "name": "millimole par litre",
    "code": "mmol/l",
    "conversionFactor": 1,
    "baseUnitCode": "mmol/l",
    "type": "CONCENTRATION"
  },
  {
    "name": "micromole par litre",
    "code": "µmol/l",
    "conversionFactor": 0.001,
    "baseUnitCode": "mmol/l",
    "type": "CONCENTRATION"
  },
  {
    "name": "gramme par litre",
    "code": "g/l",
    "conversionFactor": 1000,
    "baseUnitCode": "mmol/l",
    "type": "CONCENTRATION"
  },
  {
    "name": "unité internationale par litre",
    "code": "U/l",
    "conversionFactor": 1,
    "baseUnitCode": "U/l",
    "type": "ENZYME"
  },
  {
    "name": "millilitre",
    "code": "ml",
    "conversionFactor": 0.001,
    "baseUnitCode": "l",
    "type": "VOLUME"
  },
  {
    "name": "litre",
    "code": "l",
    "conversionFactor": 1,
    "baseUnitCode": "l",
    "type": "VOLUME"
  },
  {
    "name": "degré Celsius",
    "code": "°C",
    "conversionFactor": 1,
    "baseUnitCode": "°C",
    "type": "TEMPERATURE"
  },
  {
    "name": "par minute",
    "code": "bpm",
    "conversionFactor": 1,
    "baseUnitCode": "bpm",
    "type": "FREQUENCY"
  },
  {
    "name": "pourcentage",
    "code": "%",
    "conversionFactor": 1,
    "baseUnitCode": "%",
    "type": "PERCENTAGE"
  },
  {
    "name": "millimètre de mercure",
    "code": "mmHg",
    "conversionFactor": 1,
    "baseUnitCode": "mmHg",
    "type": "PRESSURE"
  },
  {
    "name": "millilitre par kilogramme",
    "code": "ml/kg",
    "conversionFactor": 1,
    "baseUnitCode": "ml/kg",
    "type": "FLUID_RATE"
  },
  {
    "name": "millilitre par heure",
    "code": "ml/h",
    "conversionFactor": 1,
    "baseUnitCode": "ml/h",
    "type": "FLOW_RATE"
  },
  {
    "name": "score z",
    "code": "z-score",
    "conversionFactor": 1,
    "baseUnitCode": "z-score",
    "type": "SCORE"
  },
  {
    "name": "percentile",
    "code": "p",
    "conversionFactor": 1,
    "baseUnitCode": "p",
    "type": "PERCENTILE"
  }
]