{
  "bmi": {
    "code": "bmi_for_age",
    "name": "Indice de Masse Corporelle pour l'Âge",
    "neededMeasureCodes": [
      "weight",
      "height",
      "age_in_day"
    ],
    "axeX": {
      "value": "age_in_day",
      "variables": [
        "age_in_day"
      ]
    },
    "axeY": {
      "value": "weight/((lenhei/100)^2)",
      "variables": [
        "weight",
        "lenhei"
      ]
    },
    "availableRefCharts": [
      {
        "chartCode": "growth_ref_chart_bfa_boys_0_5",
        "condition": {
          "value": "(sex == 'M') && (age_in_day <= 1856)",
          "variables": [
            "sex",
            "age_in_day"
          ]
        }
      },
      {
        "chartCode": "growth_ref_chart_bfa_girls_0_5",
        "condition": {
          "value": "(sex == 'F') && (age_in_day <= 1856)",
          "variables": [
            "sex",
            "age_in_day"
          ]
        }
      },
      {
        "chartCode": "growth_ref_chart_bfa_boys_5_19",
        "condition": {
          "value": "(sex == 'M') && (age_in_day > 1856)",
          "variables": [
            "sex",
            "age_in_day"
          ]
        }
      },
      {
        "chartCode": "growth_ref_chart_bfa_girls_5_19",
        "condition": {
          "value": "(sex == 'F') && (age_in_day > 1856)",
          "variables": [
            "sex",
            "age_in_day"
          ]
        }
      }
    ],
    "availableRefTables": [],
    "usageConditions": {
      "value": "(age_in_day >= 0) && (age_in_month <= 228)",
      "variables": [
        "age_in_month"
      ]
    },
    "interpretations": [
      {
        "name": "Obésité sévère",
        "code": "severe_obesity_5_19",
        "range": "above +3",
        "condition": {
          "value": "(age_in_day > 1856) && (zscore > 3)",
          "variables": [
            "zscore",
            "age_in_day"
          ]
        }
      },
      {
        "name": "Obésité",
        "code": "obesity_0_5",
        "range": "above +3",
        "condition": {
          "value": "(age_in_day <= 1856) && (zscore > 3)",
          "variables": [
            "zscore",
            "age_in_day"
          ]
        }
      },
      {
        "name": "Surpoids",
        "code": "overweight_0_5",
        "range": "above +2",
        "condition": {
          "value": "(age_in_day <= 1856) && (zscore > 2) && (zscore <= 3)",
          "variables": [
            "zscore",
            "age_in_day"
          ]
        }
      },
      {
        "name": "Obésité",
        "code": "obesity_5_19",
        "range": "above +2",
        "condition": {
          "value": "(age_in_day > 1856) && (zscore > 2) && (zscore <= 3)",
          "variables": [
            "zscore",
            "age_in_day"
          ]
        }
      },
      {
        "name": "Surpoids",
        "code": "overweight_5_19",
        "range": "above +1",
        "condition": {
          "value": "(age_in_day > 1856) && (zscore > 1) && (zscore <= 2)",
          "variables": [
            "zscore",
            "age_in_day"
          ]
        }
      },
      {
        "name": "Risque de surpoids",
        "code": "overweight_risk",
        "range": "above +1",
        "condition": {
          "value": "(age_in_day <= 1856) && (zscore > 1) && (zscore <= 2)",
          "variables": [
            "zscore",
            "age_in_day"
          ]
        }
      },
      {
        "name": "Normal",
        "code": "normal",
        "range": "0",
        "condition": {
          "value": "(zscore >= (-2)) && (zscore <= 1)",
          "variables": [
            "zscore"
          ]
        }
      },
      {
        "name": "Émaciation",
        "code": "wasted",
        "range": "below -2",
        "condition": {
          "value": "(zscore < (-2)) && (zscore >= (-3))",
          "variables": [
            "zscore"
          ]
        }
      },
      {
        "name": "Émaciation sévère",
        "code": "severely_wasted",
        "range": "below -3",
        "condition": {
          "value": "zscore < (-3)",
          "variables": [
            "zscore"
          ]
        }
      }
    ],
    "zScoreComputingStrategy": "age_based",
    "standardShape": "growth_curve"
  },
  "headCircumference": {
    "code": "hc_for_age",
    "name": "Circonférence Crânienne pour l'Âge",
    "neededMeasureCodes": [
      "head_circumference",
      "age_in_day"
    ],
    "axeX": {
      "value": "age_in_day",
      "variables": [
        "age_in_day"
      ]
    },
    "axeY": {
      "value": "head_circumference",
      "variables": [
        "head_circumference"
      ]
    },
    "availableRefCharts": [
      {
        "chartCode": "growth_ref_chart_hcfa_boys_0_5",
        "condition": {
          "value": "sex == 'M'",
          "variables": [
            "sex"
          ]
        }
      },
      {
        "chartCode": "growth_ref_chart_hcfa_girls_0_5",
        "condition": {
          "value": "sex == 'F'",
          "variables": [
            "sex"
          ]
        }
      }
    ],
    "availableRefTables": [],
    "usageConditions": {
      "value": "age_in_day <= 1856",
      "variables": [
        "age_in_day"
      ]
    },
    "interpretations": [
      {
        "name": "Macrocéphalie",
        "code": "macrocephaly",
        "range": "above +2",
        "condition": {
          "value": "zscore > 2",
          "variables": [
            "zscore"
          ]
        }
      },
      {
        "name": "Normal",
        "code": "normal",
        "range": "0",
        "condition": {
          "value": "(zscore >= (-2)) && (zscore <= 2)",
          "variables": [
            "zscore"
          ]
        }
      },
      {
        "name": "Microcéphalie",
        "code": "microcephaly",
        "range": "below -2",
        "condition": {
          "value": "zscore < (-2)",
          "variables": [
            "zscore"
          ]
        }
      }
    ],
    "zScoreComputingStrategy": "age_based",
    "standardShape": "growth_curve"
  },
  "heightForAge": {
    "code": "hfa",
    "name": "Taille debout/couchée pour l'Âge",
    "neededMeasureCodes": [
      "lenhei",
      "age_in_day",
      "age_in_month"
    ],
    "axeX": {
      "value": "age_in_day",
      "variables": [
        "age_in_day"
      ]
    },
    "axeY": {
      "value": "lenhei",
      "variables": [
        "lenhei"
      ]
    },
    "availableRefCharts": [
      {
        "chartCode": "growth_ref_chart_lhfa_boys_0_5",
        "condition": {
          "value": "(sex == 'M') && (age_in_day <= 1856)",
          "variables": [
            "sex",
            "age_in_day"
          ]
        }
      },
      {
        "chartCode": "growth_ref_chart_lhfa_girls_0_5",
        "condition": {
          "value": "(sex == 'F') && (age_in_day <= 1856)",
          "variables": [
            "sex",
            "age_in_day"
          ]
        }
      },
      {
        "chartCode": "growth_ref_chart_hfa_boys_5_19",
        "condition": {
          "value": "(sex == 'M') && (age_in_day > 1856)",
          "variables": [
            "sex",
            "age_in_day"
          ]
        }
      },
      {
        "chartCode": "growth_ref_chart_hfa_girls_5_19",
        "condition": {
          "value": "(sex == 'F') && (age_in_day > 1856)",
          "variables": [
            "sex",
            "age_in_day"
          ]
        }
      }
    ],
    "availableRefTables": [],
    "usageConditions": {
      "value": "age_in_month <= 228",
      "variables": [
        "age_in_month"
      ]
    },
    "interpretations": [
      {
        "name": "Gigantisme",
        "code": "tall",
        "range": "above +3",
        "condition": {
          "value": "zscore > 3",
          "variables": [
            "zscore"
          ]
        }
      },
      {
        "name": "Normal",
        "code": "normal",
        "range": "above +2",
        "condition": {
          "value": "(zscore >= (-2)) && (zscore <= 3)",
          "variables": [
            "zscore"
          ]
        }
      },
      {
        "name": "Retard de croissance",
        "code": "stunted",
        "range": "below -2",
        "condition": {
          "value": "(zscore < (-2)) && (zscore >= (-3))",
          "variables": [
            "zscore"
          ]
        }
      },
      {
        "name": "Retard de croissance sévère",
        "code": "severely_stunted",
        "range": "below -3",
        "condition": {
          "value": "zscore < (-3)",
          "variables": [
            "zscore"
          ]
        }
      }
    ],
    "zScoreComputingStrategy": "age_based",
    "standardShape": "growth_curve"
  },
  "muacForAge": {
    "code": "muac_for_age",
    "name": "Périmetre brachial pour l'Âge",
    "neededMeasureCodes": [
      "muac",
      "age_in_day"
    ],
    "axeX": {
      "value": "age_in_day",
      "variables": [
        "age_in_day"
      ]
    },
    "axeY": {
      "value": "muac",
      "variables": [
        "muac"
      ]
    },
    "availableRefCharts": [
      {
        "chartCode": "growth_ref_chart_acfa_boys_3m_5",
        "condition": {
          "value": "sex == 'M'",
          "variables": [
            "sex"
          ]
        }
      },
      {
        "chartCode": "growth_ref_chart_acfa_girls_3m_5",
        "condition": {
          "value": "sex == 'F'",
          "variables": [
            "sex"
          ]
        }
      }
    ],
    "availableRefTables": [],
    "usageConditions": {
      "value": "(age_in_day >= 91) && (age_in_day <= 1856)",
      "variables": [
        "age_in_day"
      ]
    },
    "interpretations": [
      {
        "name": "Bien nourri",
        "code": "well_nourished",
        "range": "above +1",
        "condition": {
          "value": "zscore >= 1",
          "variables": [
            "zscore"
          ]
        }
      },
      {
        "name": "Normal",
        "code": "normal",
        "range": "0",
        "condition": {
          "value": "(zscore >= (-2)) && (zscore < 1)",
          "variables": [
            "zscore"
          ]
        }
      },
      {
        "name": "Malnutrition aiguée modérée",
        "code": "moderate_acute_malnutrition",
        "range": "below -2",
        "condition": {
          "value": "(zscore < (-2)) && (zscore >= (-3))",
          "variables": [
            "zscore"
          ]
        }
      },
      {
        "name": "Malnutrition aiguée sévère",
        "code": "severe_acute_malnutrition",
        "range": "below -3",
        "condition": {
          "value": "zscore < (-3)",
          "variables": [
            "zscore"
          ]
        }
      }
    ],
    "zScoreComputingStrategy": "age_based",
    "standardShape": "growth_curve"
  },
  "subscapularSkinfold": {
    "code": "ssf_for_age",
    "name": "Pli cutané sous-scapulaire pour l'Âge",
    "neededMeasureCodes": [
      "ssf",
      "age_in_day"
    ],
    "axeX": {
      "value": "age_in_day",
      "variables": [
        "age_in_day"
      ]
    },
    "axeY": {
      "value": "ssf",
      "variables": [
        "ssf"
      ]
    },
    "availableRefCharts": [
      {
        "chartCode": "growth_ref_chart_ssfa_boys_3m_5",
        "condition": {
          "value": "sex == 'M'",
          "variables": [
            "sex"
          ]
        }
      },
      {
        "chartCode": "growth_ref_chart_ssfa_girls_3m_5",
        "condition": {
          "value": "sex == 'F'",
          "variables": [
            "sex"
          ]
        }
      }
    ],
    "availableRefTables": [],
    "usageConditions": {
      "value": "(age_in_day >= 91) && (age_in_day <= 1856)",
      "variables": [
        "age_in_day"
      ]
    },
    "interpretations": [
      {
        "name": "Graisse tronculaire élevée",
        "code": "high_trunk_fat",
        "range": "above +2",
        "condition": {
          "value": "zscore > 2",
          "variables": [
            "zscore"
          ]
        }
      },
      {
        "name": "Graisse tronculaire au-dessus de la moyenne",
        "code": "above_average_trunk_fat",
        "range": "above +1",
        "condition": {
          "value": "(zscore > 1) && (zscore <= 2)",
          "variables": [
            "zscore"
          ]
        }
      },
      {
        "name": "Graisse tronculaire normale",
        "code": "normal_trunk_fat",
        "range": "0",
        "condition": {
          "value": "(zscore >= (-2)) && (zscore <= 1)",
          "variables": [
            "zscore"
          ]
        }
      },
      {
        "name": "Graisse tronculaire en dessous de la moyenne",
        "code": "below_average_trunk_fat",
        "range": "below -2",
        "condition": {
          "value": "(zscore < (-2)) && (zscore >= (-3))",
          "variables": [
            "zscore"
          ]
        }
      },
      {
        "name": "Faible graisse tronculaire",
        "code": "low_trunk_fat",
        "range": "below -3",
        "condition": {
          "value": "zscore < (-3)",
          "variables": [
            "zscore"
          ]
        }
      }
    ],
    "zScoreComputingStrategy": "age_based",
    "standardShape": "growth_curve"
  },
  "tricepsSkinfold": {
    "code": "tsf_for_age",
    "name": "Pli cutané tricipital pour l'Âge",
    "neededMeasureCodes": [
      "tsf",
      "age_in_day"
    ],
    "axeX": {
      "value": " age_in_day",
      "variables": [
        "age_in_day"
      ]
    },
    "axeY": {
      "value": "tsf",
      "variables": [
        "tsf"
      ]
    },
    "availableRefCharts": [
      {
        "chartCode": "growth_ref_chart_tsfa_boys_3m_5",
        "condition": {
          "value": "sex == 'M' ",
          "variables": [
            "sex"
          ]
        }
      },
      {
        "chartCode": "growth_ref_chart_tsfa_girls_3m_5",
        "condition": {
          "value": "sex == 'F' ",
          "variables": [
            "sex"
          ]
        }
      }
    ],
    "availableRefTables": [],
    "usageConditions": {
      "value": "(age_in_day >= 91) && (age_in_day <= 1856)",
      "variables": [
        "age_in_day"
      ]
    },
    "interpretations": [
      {
        "name": "Réserves de graisse élevées",
        "code": "high_fat_stores",
        "range": "above +2",
        "condition": {
          "value": "zscore > 2",
          "variables": [
            "zscore"
          ]
        }
      },
      {
        "name": "Réserves de graisse au-dessus de la moyenne",
        "code": "above_average_fat_stores",
        "range": "above +1",
        "condition": {
          "value": "(zscore > 1) && (zscore <= 2)",
          "variables": [
            "zscore"
          ]
        }
      },
      {
        "name": "Réserves de graisse normales",
        "code": "normal_fat_stores",
        "range": "0",
        "condition": {
          "value": "(zscore >= (-2)) && (zscore <= 1)",
          "variables": [
            "zscore"
          ]
        }
      },
      {
        "name": "Réserves de graisse en dessous de la moyenne",
        "code": "below_average_fat_stores",
        "range": "below -2",
        "condition": {
          "value": "(zscore < (-2)) && (zscore >= (-3))",
          "variables": [
            "zscore"
          ]
        }
      },
      {
        "name": "Faibles réserves de graisse",
        "code": "low_fat_stores",
        "range": "below -3",
        "condition": {
          "value": "zscore < (-3)",
          "variables": [
            "zscore"
          ]
        }
      }
    ],
    "zScoreComputingStrategy": "age_based",
    "standardShape": "growth_curve"
  },
  "weightForAge": {
    "code": "wfa",
    "name": "Poids pour l'Âge",
    "neededMeasureCodes": [
      "weight",
      "age_in_day"
    ],
    "axeX": {
      "value": "age_in_day",
      "variables": [
        "age_in_day"
      ]
    },
    "axeY": {
      "value": "weight",
      "variables": [
        "weight"
      ]
    },
    "availableRefCharts": [
      {
        "chartCode": "growth_ref_chart_wfa_boys_0_5",
        "condition": {
          "value": "(sex == 'M') && (age_in_day <= 1856)",
          "variables": [
            "sex",
            "age_in_day"
          ]
        }
      },
      {
        "chartCode": "growth_ref_chart_wfa_girls_0_5",
        "condition": {
          "value": "(sex == 'F') && (age_in_day <= 1856)",
          "variables": [
            "sex",
            "age_in_day"
          ]
        }
      },
      {
        "chartCode": "growth_ref_chart_wfa_boys_5_10",
        "condition": {
          "value": "(sex == 'M') && (age_in_day > 1856)",
          "variables": [
            "sex",
            "age_in_day"
          ]
        }
      },
      {
        "chartCode": "growth_ref_chart_wfa_girls_5_10",
        "condition": {
          "value": "(sex == 'F') && (age_in_day > 1856)",
          "variables": [
            "sex",
            "age_in_day"
          ]
        }
      }
    ],
    "availableRefTables": [],
    "usageConditions": {
      "value": "age_in_month <= 120",
      "variables": [
        "age_in_month"
      ]
    },
    "interpretations": [
      {
        "name": "Poids très élevé",
        "code": "high_weight",
        "range": "above +3",
        "condition": {
          "value": "zscore > 3",
          "variables": [
            "zscore"
          ]
        }
      },
      {
        "name": "Possible growth problem",
        "code": "possible_growth_problem",
        "range": "above +2",
        "condition": {
          "value": "(zscore > 2) && (zscore <= 3)",
          "variables": [
            "zscore"
          ]
        }
      },
      {
        "name": "Normal",
        "code": "normal",
        "range": "0",
        "condition": {
          "value": "(zscore >= (-2)) && (zscore <= 2)",
          "variables": [
            "zscore"
          ]
        }
      },
      {
        "name": "Insuffisance pondérale",
        "code": "underweight",
        "range": "below -2",
        "condition": {
          "value": "(zscore < (-2)) && (zscore >= (-3))",
          "variables": [
            "zscore"
          ]
        }
      },
      {
        "name": "Insuffisance pondérale sévère",
        "code": "severely_underweight",
        "range": "below -3",
        "condition": {
          "value": "zscore < (-3)",
          "variables": [
            "zscore"
          ]
        }
      }
    ],
    "zScoreComputingStrategy": "age_based",
    "standardShape": "growth_curve"
  },
  "weightForHeightNCHS": {
    "code": "wfh_unisex_nchs",
    "name": "Poids pour taille (NCHS)",
    "neededMeasureCodes": [
      "weight",
      "lenhei"
    ],
    "axeX": {
      "value": "(lenhei - (lenhei % 1)) + (((lenhei % 1)<=0.2) ? 0:(((lenhei %1)>=0.8)?1:0.5))",
      "variables": [
        "lenhei"
      ]
    },
    "axeY": {
      "value": "weight",
      "variables": [
        "weight"
      ]
    },
    "availableRefCharts": [],
    "availableRefTables": [
      {
        "tableCode": "weight_for_height_nchs_unisex",
        "condition": {
          "value": "0==0",
          "variables": []
        }
      }
    ],
    "usageConditions": {
      "value": "(lenhei > 120) &&( lenhei <= 171)",
      "variables": [
        "lenhei"
      ]
    },
    "interpretations": [
      {
        "name": "Normal",
        "code": "normal",
        "range": "0",
        "condition": {
          "value": "(zscore > (-2)) && (zscore <= 1)",
          "variables": [
            "zscore"
          ]
        }
      },
      {
        "name": "Malnutrition aigüe modérée",
        "code": "wasted",
        "range": "below -2",
        "condition": {
          "value": "(zscore <= (-2)) && (zscore > (-3))",
          "variables": [
            "zscore"
          ]
        }
      },
      {
        "name": "Malnutrition aigüe sévère",
        "code": "severely_wasted",
        "range": "below -3",
        "condition": {
          "value": "zscore <= (-3)",
          "variables": [
            "zscore"
          ]
        }
      }
    ],
    "zScoreComputingStrategy": "table_based",
    "standardShape": "growth_table"
  },
  "weightForHeight": {
    "code": "wflh",
    "name": "Poids pour la Taille debout/couchée",
    "neededMeasureCodes": [
      "weight",
      "lenhei"
    ],
    "axeX": {
      "value": "lenhei",
      "variables": [
        "lenhei"
      ]
    },
    "axeY": {
      "value": "weight",
      "variables": [
        "weight"
      ]
    },
    "availableRefCharts": [
      {
        "chartCode": "growth_ref_chart_wfl_boys_45_110",
        "condition": {
          "value": "(sex == 'M') && (age_in_day <= 731)",
          "variables": [
            "sex",
            "age_in_day"
          ]
        }
      },
      {
        "chartCode": "growth_ref_chart_wfl_girls_45_110",
        "condition": {
          "value": "(sex == 'F') && (age_in_day <= 731)",
          "variables": [
            "sex",
            "age_in_day"
          ]
        }
      },
      {
        "chartCode": "growth_ref_chart_wfh_boys_65_120",
        "condition": {
          "value": "(sex == 'M') && (age_in_day > 731)",
          "variables": [
            "sex",
            "age_in_day"
          ]
        }
      },
      {
        "chartCode": "growth_ref_chart_wfh_girls_65_120",
        "condition": {
          "value": "(sex == 'F') && (age_in_day > 731)",
          "variables": [
            "sex",
            "age_in_day"
          ]
        }
      }
    ],
    "availableRefTables": [],
    "usageConditions": {
      "value": "(lenhei >= 45) &&( lenhei <= 120)",
      "variables": [
        "lenhei"
      ]
    },
    "interpretations": [
      {
        "name": "Obésité",
        "code": "obese",
        "range": "above +3",
        "condition": {
          "value": "zscore > 3",
          "variables": [
            "zscore"
          ]
        }
      },
      {
        "name": "Surpoids",
        "code": "overweight",
        "range": "above +2",
        "condition": {
          "value": "(zscore > 2) && (zscore <= 3)",
          "variables": [
            "zscore"
          ]
        }
      },
      {
        "name": "Risque de surpoids",
        "code": "risk_of_overweight",
        "range": "above +1",
        "condition": {
          "value": "(zscore > 1) && (zscore <= 2)",
          "variables": [
            "zscore"
          ]
        }
      },
      {
        "name": "Normal",
        "code": "normal",
        "range": "0",
        "condition": {
          "value": "(zscore >= (-2)) && (zscore <= 1)",
          "variables": [
            "zscore"
          ]
        }
      },
      {
        "name": "Émaciation",
        "code": "wasted",
        "range": "below -2",
        "condition": {
          "value": "(zscore < (-2)) && (zscore >= (-3))",
          "variables": [
            "zscore"
          ]
        }
      },
      {
        "name": "Émaciation sévère",
        "code": "severely_wasted",
        "range": "below -3",
        "condition": {
          "value": "zscore < (-3)",
          "variables": [
            "zscore"
          ]
        }
      }
    ],
    "zScoreComputingStrategy": "lenhei_based",
    "standardShape": "growth_curve"
  },
  "weightForHeightUnisex": {
    "code": "wflh_unisex",
    "name": "Poids pour la Taille debout/couchée (Unisexe)",
    "neededMeasureCodes": [
      "weight",
      "lenhei"
    ],
    "axeX": {
      "value": "(lenhei - (lenhei % 1)) + (((lenhei % 1)<=0.2) ? 0:(((lenhei %1)>=0.8)?1:0.5))",
      "variables": [
        "lenhei"
      ]
    },
    "axeY": {
      "value": "weight",
      "variables": [
        "weight"
      ]
    },
    "availableRefCharts": [],
    "availableRefTables": [
      {
        "tableCode": "weight_for_length_who_2006_unisex",
        "condition": {
          "value": "0==0",
          "variables": []
        }
      }
    ],
    "usageConditions": {
      "value": "(lenhei >= 45) && (lenhei <= 120)",
      "variables": [
        "lenhei"
      ]
    },
    "interpretations": [
      {
        "name": "Normal",
        "code": "normal",
        "range": "0",
        "condition": {
          "value": "(zscore > (-2)) && (zscore <= 1)",
          "variables": [
            "zscore"
          ]
        }
      },
      {
        "name": "Malnutrition aigüe modérée",
        "code": "moderate_wasted",
        "range": "below -2",
        "condition": {
          "value": "(zscore <= (-2)) && (zscore > (-3))",
          "variables": [
            "zscore"
          ]
        }
      },
      {
        "name": "Malnutrition aigüe sévère",
        "code": "severely_wasted",
        "range": "below -3",
        "condition": {
          "value": "(zscore <= (-3)) && (zscore > (-4))",
          "variables": [
            "zscore"
          ]
        }
      },
      {
        "name": "Malnutrition aigüe très sévère",
        "code": "hight_severely_wasted",
        "range": "below -4",
        "condition": {
          "value": "zscore <= (-4)",
          "variables": [
            "zscore"
          ]
        }
      }
    ],
    "zScoreComputingStrategy": "table_based",
    "standardShape": "growth_table"
  }
}