{
  "name": "Table de référence poids pour taille/longueur unisexe OMS 2006",
  "code": "weight_for_length_who_2006_unisex",
  "data": [
    {
      "median": 2.44,
      "normalNeg": 2.23,
      "value": 45,
      "hightSeverNeg": 1.73,
      "isUnisex": true
    },
    {
      "median": 2.52,
      "normalNeg": 2.31,
      "hightSeverNeg": 1.79,
      "isUnisex": true
    },
    {
      "median": 2.61,
      "normalNeg": 2.38,
      "hightSeverNeg": 1.85,
      "isUnisex": true
    },
    {
      "median": 2.69,
      "normalNeg": 2.46,
      "hightSeverNeg": 1.91,
      "isUnisex": true
    },
    {
      "median": 2.78,
      "normalNeg": 2.54,
      "hightSeverNeg": 1.97,
      "isUnisex": true
    },
    {
      "median": 2.86,
      "normalNeg": 2.62,
      "hightSeverNeg": 2.04,
      "isUnisex": true
    },
    {
      "median": 2.95,
      "normalNeg": 2.7,
      "hightSeverNeg": 2.1,
      "isUnisex": true
    },
    {
      "median": 3.04,
      "normalNeg": 2.78,
      "hightSeverNeg": 2.17,
      "isUnisex": true
    },
    {
      "median": 3.13,
      "normalNeg": 2.87,
      "hightSeverNeg": 2.23,
      "isUnisex": true
    },
    {
      "median": 3.23,
      "normalNeg": 2.96,
      "hightSeverNeg": 2.31,
      "isUnisex": true
    },
    {
      "median": 3.33,
      "normalNeg": 3.05,
      "hightSeverNeg": 2.38,
      "isUnisex": true
    },
    {
      "median": 3.43,
      "normalNeg": 3.14,
      "hightSeverNeg": 2.46,
      "isUnisex": true
    },
    {
      "median": 3.54,
      "normalNeg": 3.24,
      "hightSeverNeg": 2.54,
      "isUnisex": true
    },
    {
      "median": 3.65,
      "normalNeg": 3.34,
      "hightSeverNeg": 2.62,
      "isUnisex": true
    },
    {
      "median": 3.76,
      "normalNeg": 3.45,
      "hightSeverNeg": 2.7,
      "isUnisex": true
    },
    {
      "median": 3.88,
      "normalNeg": 3.56,
      "hightSeverNeg": 2.79,
      "isUnisex": true
    },
    {
      "median": 4.01,
      "normalNeg": 3.68,
      "hightSeverNeg": 2.88,
      "isUnisex": true
    },
    {
      "median": 4.14,
      "normalNeg": 3.8,
      "hightSeverNeg": 2.98,
      "isUnisex": true
    },
    {
      "median": 4.27,
      "normalNeg": 3.92,
      "hightSeverNeg": 3.08,
      "isUnisex": true
    },
    {
      "median": 4.55,
      "normalNeg": 4.18,
      "hightSeverNeg": 3.18,
      "isUnisex": true
    },
    {
      "median": 4.69,
      "normalNeg": 4.31,
      "hightSeverNeg": 3.29,
      "isUnisex": true
    },
    {
      "median": 4.83,
      "normalNeg": 4.44,
      "hightSeverNeg": 3.39,
      "isUnisex": true
    },
    {
      "median": 4.98,
      "normalNeg": 4.58,
      "hightSeverNeg": 3.5,
      "isUnisex": true
    },
    {
      "median": 5.13,
      "normalNeg": 4.71,
      "hightSeverNeg": 3.61,
      "isUnisex": true
    },
    {
      "median": 5.1,
      "normalNeg": 4.7,
      "hightSeverNeg": 3.7,
      "isUnisex": true
    },
    {
      "median": 5.3,
      "normalNeg": 4.9,
      "hightSeverNeg": 3.8,
      "isUnisex": true
    },
    {
      "median": 5.4,
      "normalNeg": 5,
      "hightSeverNeg": 3.9,
      "isUnisex": true
    },
    {
      "median": 5.6,
      "normalNeg": 5.1,
      "hightSeverNeg": 4,
      "isUnisex": true
    },
    {
      "median": 5.7,
      "normalNeg": 5.3,
      "hightSeverNeg": 4.2,
      "isUnisex": true
    },
    {
      "median": 5.9,
      "normalNeg": 5.4,
      "hightSeverNeg": 4.3,
      "isUnisex": true
    },
    {
      "median": 6,
      "normalNeg": 5.5,
      "hightSeverNeg": 4.4,
      "isUnisex": true
    },
    {
      "median": 6.1,
      "normalNeg": 5.6,
      "hightSeverNeg": 4.5,
      "isUnisex": true
    },
    {
      "median": 6.3,
      "normalNeg": 5.8,
      "hightSeverNeg": 4.6,
      "isUnisex": true
    },
    {
      "median": 6.4,
      "normalNeg": 5.9,
      "hightSeverNeg": 4.7,
      "isUnisex": true
    },
    {
      "median": 6.5,
      "normalNeg": 6,
      "hightSeverNeg": 4.8,
      "isUnisex": true
    },
    {
      "median": 6.7,
      "normalNeg": 6.1,
      "hightSeverNeg": 4.9,
      "isUnisex": true
    },
    {
      "median": 6.8,
      "normalNeg": 6.2,
      "hightSeverNeg": 5,
      "isUnisex": true
    },
    {
      "median": 6.9,
      "normalNeg": 6.4,
      "hightSeverNeg": 5.1,
      "isUnisex": true
    },
    {
      "median": 7,
      "normalNeg": 6.5,
      "hightSeverNeg": 5.1,
      "isUnisex": true
    },
    {
      "median": 7.1,
      "normalNeg": 6.6,
      "hightSeverNeg": 5.2,
      "isUnisex": true
    },
    {
      "median": 7.3,
      "normalNeg": 6.7,
      "hightSeverNeg": 5.3,
      "isUnisex": true
    },
    {
      "median": 7.4,
      "normalNeg": 6.8,
      "hightSeverNeg": 5.4,
      "isUnisex": true
    },
    {
      "median": 7.5,
      "normalNeg": 6.9,
      "hightSeverNeg": 5.5,
      "isUnisex": true
    },
    {
      "median": 7.6,
      "normalNeg": 7,
      "hightSeverNeg": 5.6,
      "isUnisex": true
    },
    {
      "median": 7.7,
      "normalNeg": 7.1,
      "hightSeverNeg": 5.7,
      "isUnisex": true
    },
    {
      "median": 7.9,
      "normalNeg": 7.2,
      "hightSeverNeg": 5.8,
      "isUnisex": true
    },
    {
      "median": 8,
      "normalNeg": 7.3,
      "hightSeverNeg": 5.8,
      "isUnisex": true
    },
    {
      "median": 8.1,
      "normalNeg": 7.5,
      "hightSeverNeg": 5.9,
      "isUnisex": true
    },
    {
      "median": 8.2,
      "normalNeg": 7.6,
      "hightSeverNeg": 6,
      "isUnisex": true
    },
    {
      "median": 8.3,
      "normalNeg": 7.7,
      "hightSeverNeg": 6.1,
      "isUnisex": true
    },
    {
      "median": 8.4,
      "normalNeg": 7.8,
      "hightSeverNeg": 6.2,
      "isUnisex": true
    },
    {
      "median": 8.5,
      "normalNeg": 7.9,
      "hightSeverNeg": 6.3,
      "isUnisex": true
    },
    {
      "median": 8.6,
      "normalNeg": 8,
      "hightSeverNeg": 6.3,
      "isUnisex": true
    },
    {
      "median": 8.8,
      "normalNeg": 8.1,
      "hightSeverNeg": 6.4,
      "isUnisex": true
    },
    {
      "median": 8.9,
      "normalNeg": 8.2,
      "hightSeverNeg": 6.5,
      "isUnisex": true
    },
    {
      "median": 9,
      "normalNeg": 8.3,
      "hightSeverNeg": 6.6,
      "isUnisex": true
    },
    {
      "median": 9.1,
      "normalNeg": 8.4,
      "hightSeverNeg": 6.6,
      "isUnisex": true
    },
    {
      "median": 9.2,
      "normalNeg": 8.5,
      "hightSeverNeg": 6.7,
      "isUnisex": true
    },
    {
      "median": 9.3,
      "normalNeg": 8.6,
      "hightSeverNeg": 6.8,
      "isUnisex": true
    },
    {
      "median": 9.4,
      "normalNeg": 8.7,
      "hightSeverNeg": 6.9,
      "isUnisex": true
    },
    {
      "median": 9.5,
      "normalNeg": 8.8,
      "hightSeverNeg": 6.9,
      "isUnisex": true
    },
    {
      "median": 9.6,
      "normalNeg": 8.8,
      "hightSeverNeg": 7,
      "isUnisex": true
    },
    {
      "median": 9.7,
      "normalNeg": 8.9,
      "hightSeverNeg": 7.1,
      "isUnisex": true
    },
    {
      "median": 9.8,
      "normalNeg": 9,
      "hightSeverNeg": 7.2,
      "isUnisex": true
    },
    {
      "median": 9.9,
      "normalNeg": 9.1,
      "hightSeverNeg": 7.2,
      "isUnisex": true
    },
    {
      "median": 10,
      "normalNeg": 9.2,
      "hightSeverNeg": 7.3,
      "isUnisex": true
    },
    {
      "median": 10.1,
      "normalNeg": 9.3,
      "hightSeverNeg": 7.4,
      "isUnisex": true
    },
    {
      "median": 10.2,
      "normalNeg": 9.4,
      "hightSeverNeg": 7.4,
      "isUnisex": true
    },
    {
      "median": 10.3,
      "normalNeg": 9.5,
      "hightSeverNeg": 7.5,
      "isUnisex": true
    },
    {
      "median": 10.4,
      "normalNeg": 9.5,
      "hightSeverNeg": 7.6,
      "isUnisex": true
    },
    {
      "median": 10.4,
      "normalNeg": 9.6,
      "hightSeverNeg": 7.6,
      "isUnisex": true
    },
    {
      "median": 10.5,
      "normalNeg": 9.7,
      "hightSeverNeg": 7.7,
      "isUnisex": true
    },
    {
      "median": 10.6,
      "normalNeg": 9.8,
      "hightSeverNeg": 7.8,
      "isUnisex": true
    },
    {
      "median": 10.7,
      "normalNeg": 9.9,
      "hightSeverNeg": 7.8,
      "isUnisex": true
    },
    {
      "median": 10.8,
      "normalNeg": 10,
      "hightSeverNeg": 7.9,
      "isUnisex": true
    },
    {
      "median": 10.9,
      "normalNeg": 10.1,
      "hightSeverNeg": 8,
      "isUnisex": true
    },
    {
      "median": 11,
      "normalNeg": 10.2,
      "hightSeverNeg": 8.1,
      "isUnisex": true
    },
    {
      "median": 11.2,
      "normalNeg": 10.2,
      "hightSeverNeg": 8.2,
      "isUnisex": true
    },
    {
      "median": 11.3,
      "normalNeg": 10.4,
      "hightSeverNeg": 8.3,
      "isUnisex": true
    },
    {
      "median": 11.4,
      "normalNeg": 10.5,
      "hightSeverNeg": 8.3,
      "isUnisex": true
    },
    {
      "median": 11.5,
      "normalNeg": 10.6,
      "hightSeverNeg": 8.4,
      "isUnisex": true
    },
    {
      "median": 11.6,
      "normalNeg": 10.7,
      "hightSeverNeg": 8.5,
      "isUnisex": true
    },
    {
      "median": 11.7,
      "normalNeg": 10.8,
      "hightSeverNeg": 8.6,
      "isUnisex": true
    },
    {
      "median": 11.9,
      "normalNeg": 11,
      "hightSeverNeg": 8.7,
      "isUnisex": true
    },
    {
      "median": 12.2,
      "normalNeg": 11.2,
      "hightSeverNeg": 9,
      "isUnisex": true
    },
    {
      "median": 12.3,
      "normalNeg": 11.3,
      "hightSeverNeg": 9,
      "isUnisex": true
    },
    {
      "median": 12.4,
      "normalNeg": 11.5,
      "hightSeverNeg": 9.1,
      "isUnisex": true
    },
    {
      "median": 12.5,
      "normalNeg": 11.6,
      "hightSeverNeg": 9.2,
      "isUnisex": true
    },
    {
      "median": 12.6,
      "normalNeg": 11.7,
      "hightSeverNeg": 9.3,
      "isUnisex": true
    },
    {
      "median": 12.8,
      "normalNeg": 11.8,
      "hightSeverNeg": 9.4,
      "isUnisex": true
    },
    {
      "median": 12.9,
      "normalNeg": 11.9,
      "hightSeverNeg": 9.5,
      "isUnisex": true
    },
    {
      "median": 13,
      "normalNeg": 12,
      "hightSeverNeg": 9.6,
      "isUnisex": true
    },
    {
      "median": 13.1,
      "normalNeg": 12.1,
      "hightSeverNeg": 9.7,
      "isUnisex": true
    },
    {
      "median": 13.2,
      "normalNeg": 12.2,
      "hightSeverNeg": 9.8,
      "isUnisex": true
    },
    {
      "median": 13.4,
      "normalNeg": 12.3,
      "hightSeverNeg": 9.9,
      "isUnisex": true
    },
    {
      "median": 13.5,
      "normalNeg": 12.4,
      "hightSeverNeg": 9.9,
      "isUnisex": true
    },
    {
      "median": 13.6,
      "normalNeg": 12.6,
      "hightSeverNeg": 10,
      "isUnisex": true
    },
    {
      "median": 13.7,
      "normalNeg": 12.7,
      "hightSeverNeg": 10.1,
      "isUnisex": true
    },
    {
      "median": 13.8,
      "normalNeg": 12.8,
      "hightSeverNeg": 10.2,
      "isUnisex": true
    },
    {
      "median": 13.9,
      "normalNeg": 12.9,
      "hightSeverNeg": 10.3,
      "isUnisex": true
    },
    {
      "median": 14.1,
      "normalNeg": 13,
      "hightSeverNeg": 10.4,
      "isUnisex": true
    },
    {
      "median": 14.2,
      "normalNeg": 13.1,
      "hightSeverNeg": 10.4,
      "isUnisex": true
    },
    {
      "median": 14.3,
      "normalNeg": 13.2,
      "hightSeverNeg": 10.5,
      "isUnisex": true
    },
    {
      "median": 14.4,
      "normalNeg": 13.3,
      "hightSeverNeg": 10.6,
      "isUnisex": true
    },
    {
      "median": 14.6,
      "normalNeg": 13.4,
      "hightSeverNeg": 10.7,
      "isUnisex": true
    },
    {
      "median": 14.7,
      "normalNeg": 13.6,
      "hightSeverNeg": 10.8,
      "isUnisex": true
    },
    {
      "median": 14.8,
      "normalNeg": 13.7,
      "hightSeverNeg": 10.9,
      "isUnisex": true
    },
    {
      "median": 14.9,
      "normalNeg": 13.8,
      "hightSeverNeg": 11,
      "isUnisex": true
    },
    {
      "median": 15.1,
      "normalNeg": 13.9,
      "hightSeverNeg": 11.1,
      "isUnisex": true
    },
    {
      "median": 15.2,
      "normalNeg": 14,
      "hightSeverNeg": 11.2,
      "isUnisex": true
    },
    {
      "median": 15.4,
      "normalNeg": 14.2,
      "hightSeverNeg": 11.2,
      "isUnisex": true
    },
    {
      "median": 15.5,
      "normalNeg": 14.3,
      "hightSeverNeg": 11.3,
      "isUnisex": true
    },
    {
      "median": 15.6,
      "normalNeg": 14.4,
      "hightSeverNeg": 11.4,
      "isUnisex": true
    },
    {
      "median": 15.8,
      "normalNeg": 14.5,
      "hightSeverNeg": 11.5,
      "isUnisex": true
    },
    {
      "median": 15.9,
      "normalNeg": 14.7,
      "hightSeverNeg": 11.6,
      "isUnisex": true
    },
    {
      "median": 16.1,
      "normalNeg": 14.8,
      "hightSeverNeg": 11.7,
      "isUnisex": true
    },
    {
      "median": 16.2,
      "normalNeg": 14.9,
      "hightSeverNeg": 11.8,
      "isUnisex": true
    },
    {
      "median": 16.4,
      "normalNeg": 15.1,
      "hightSeverNeg": 11.9,
      "isUnisex": true
    },
    {
      "median": 16.5,
      "normalNeg": 15.2,
      "hightSeverNeg": 12,
      "isUnisex": true
    },
    {
      "median": 16.7,
      "normalNeg": 15.4,
      "hightSeverNeg": 12.1,
      "isUnisex": true
    },
    {
      "median": 16.8,
      "normalNeg": 15.5,
      "hightSeverNeg": 12.2,
      "isUnisex": true
    },
    {
      "median": 17,
      "normalNeg": 15.6,
      "hightSeverNeg": 12.3,
      "isUnisex": true
    },
    {
      "median": 17.2,
      "normalNeg": 15.8,
      "hightSeverNeg": 12.4,
      "isUnisex": true
    },
    {
      "median": 17.3,
      "normalNeg": 15.9,
      "hightSeverNeg": 12.5,
      "isUnisex": true
    },
    {
      "median": 17.5,
      "normalNeg": 16.1,
      "hightSeverNeg": 12.6,
      "isUnisex": true
    },
    {
      "median": 17.7,
      "normalNeg": 16.2,
      "hightSeverNeg": 12.7,
      "isUnisex": true
    },
    {
      "median": 17.8,
      "normalNeg": 16.4,
      "hightSeverNeg": 12.8,
      "isUnisex": true
    },
    {
      "median": 18,
      "normalNeg": 16.5,
      "hightSeverNeg": 13,
      "isUnisex": true
    },
    {
      "median": 18.2,
      "normalNeg": 16.7,
      "hightSeverNeg": 13.1,
      "isUnisex": true
    },
    {
      "median": 18.3,
      "normalNeg": 16.8,
      "hightSeverNeg": 13.2,
      "isUnisex": true
    },
    {
      "median": 18.5,
      "normalNeg": 17,
      "hightSeverNeg": 13.3,
      "isUnisex": true
    },
    {
      "median": 18.7,
      "normalNeg": 17.1,
      "hightSeverNeg": 13.4,
      "isUnisex": true
    },
    {
      "median": 18.9,
      "normalNeg": 17.3,
      "hightSeverNeg": 13.5,
      "isUnisex": true
    },
    {
      "median": 19.1,
      "normalNeg": 17.5,
      "hightSeverNeg": 13.6,
      "isUnisex": true
    },
    {
      "median": 19.2,
      "normalNeg": 17.6,
      "hightSeverNeg": 13.7,
      "isUnisex": true
    },
    {
      "median": 19.4,
      "normalNeg": 17.8,
      "hightSeverNeg": 13.9,
      "isUnisex": true
    },
    {
      "median": 19.6,
      "normalNeg": 18,
      "hightSeverNeg": 14,
      "isUnisex": true
    },
    {
      "median": 19.8,
      "normalNeg": 18.1,
      "hightSeverNeg": 14.1,
      "isUnisex": true
    },
    {
      "median": 20,
      "normalNeg": 18.3,
      "hightSeverNeg": 14.2,
      "isUnisex": true
    },
    {
      "median": 20.2,
      "normalNeg": 18.5,
      "hightSeverNeg": 14.3,
      "isUnisex": true
    },
    {
      "median": 20.4,
      "normalNeg": 18.6,
      "hightSeverNeg": 14.5,
      "isUnisex": true
    },
    {
      "median": 20.6,
      "normalNeg": 18.8,
      "hightSeverNeg": 14.6,
      "isUnisex": true
    },
    {
      "median": 20.8,
      "normalNeg": 19,
      "hightSeverNeg": 14.7,
      "isUnisex": true
    },
    {
      "median": 21,
      "normalNeg": 19.2,
      "hightSeverNeg": 14.8,
      "isUnisex": true
    },
    {
      "median": 21.2,
      "normalNeg": 19.3,
      "hightSeverNeg": 15,
      "isUnisex": true
    },
    {
      "median": 21.4,
      "normalNeg": 19.5,
      "hightSeverNeg": 15.1,
      "isUnisex": true
    },
    {
      "median": 21.6,
      "normalNeg": 19.7,
      "hightSeverNeg": 15.2,
      "isUnisex": true
    },
    {
      "median": 21.8,
      "normalNeg": 19.9,
      "hightSeverNeg": 15.3,
      "isUnisex": true
    },
    {
      "median": 22,
      "normalNeg": 20,
      "hightSeverNeg": 15.4,
      "isUnisex": true
    },
    {
      "median": 22.2,
      "normalNeg": 20.2,
      "hightSeverNeg": 15.6,
      "isUnisex": true
    },
    {
      "median": 22.4,
      "normalNeg": 20.4,
      "hightSeverNeg": 15.7,
      "isUnisex": true
    }
  ],
  "standard": "oms"
}