[
  {
    "type": "f75",
    "name": "Lait F75",
    "condition": {
      "value": "(((age_in_month < 6) || (weight < 3)) && (clinical_edema == 1)) || ((appetite_test_result == 'Negative') && (complications_number > 0))",
      "variables": [
        "age_in_month",
        "weight",
        "appetite_test_result",
        "complications_number",
        "clinical_edema"
      ]
    },
    "doseFormula": {
      "value": "130 * weight",
      "variables": [
        "weight"
      ]
    },
    "recommendedMilkPerDay": [
      "5",
      "8",
      "6"
    ],
    "recommendationPerRanges": [
      {
        "weightRange": {
          "min": 2,
          "max": 2.1
        },
        "recommendedQuantityPerMilkRecommendationPerDay": {
          "5": 65,
          "6": 50,
          "8": 40
        }
      },
      {
        "weightRange": {
          "min": 2.2,
          "max": 2.4
        },
        "recommendedQuantityPerMilkRecommendationPerDay": {
          "5": 70,
          "6": 60,
          "8": 45
        }
      },
      {
        "weightRange": {
          "min": 2.5,
          "max": 2.7
        },
        "recommendedQuantityPerMilkRecommendationPerDay": {
          "5": 75,
          "6": 65,
          "8": 50
        }
      },
      {
        "weightRange": {
          "min": 2.8,
          "max": 2.9
        },
        "recommendedQuantityPerMilkRecommendationPerDay": {
          "5": 80,
          "6": 70,
          "8": 55
        }
      },
      {
        "weightRange": {
          "min": 3,
          "max": 3.4
        },
        "recommendedQuantityPerMilkRecommendationPerDay": {
          "5": 85,
          "6": 75,
          "8": 60
        }
      },
      {
        "weightRange": {
          "min": 3.5,
          "max": 3.9
        },
        "recommendedQuantityPerMilkRecommendationPerDay": {
          "5": 95,
          "6": 80,
          "8": 65
        }
      },
      {
        "weightRange": {
          "min": 4,
          "max": 4.4
        },
        "recommendedQuantityPerMilkRecommendationPerDay": {
          "5": 110,
          "6": 85,
          "8": 70
        }
      },
      {
        "weightRange": {
          "min": 4.5,
          "max": 4.9
        },
        "recommendedQuantityPerMilkRecommendationPerDay": {
          "5": 120,
          "6": 95,
          "8": 80
        }
      },
      {
        "weightRange": {
          "min": 5,
          "max": 5.4
        },
        "recommendedQuantityPerMilkRecommendationPerDay": {
          "5": 130,
          "6": 110,
          "8": 90
        }
      },
      {
        "weightRange": {
          "min": 5.5,
          "max": 5.9
        },
        "recommendedQuantityPerMilkRecommendationPerDay": {
          "5": 150,
          "6": 120,
          "8": 100
        }
      },
      {
        "weightRange": {
          "min": 6,
          "max": 6.9
        },
        "recommendedQuantityPerMilkRecommendationPerDay": {
          "5": 175,
          "6": 140,
          "8": 110
        }
      },
      {
        "weightRange": {
          "min": 7,
          "max": 7.9
        },
        "recommendedQuantityPerMilkRecommendationPerDay": {
          "5": 200,
          "6": 160,
          "8": 125
        }
      },
      {
        "weightRange": {
          "min": 8,
          "max": 8.9
        },
        "recommendedQuantityPerMilkRecommendationPerDay": {
          "5": 225,
          "6": 180,
          "8": 140
        }
      },
      {
        "weightRange": {
          "min": 9,
          "max": 9.9
        },
        "recommendedQuantityPerMilkRecommendationPerDay": {
          "5": 250,
          "6": 190,
          "8": 155
        }
      },
      {
        "weightRange": {
          "min": 10,
          "max": 10.9
        },
        "recommendedQuantityPerMilkRecommendationPerDay": {
          "5": 275,
          "6": 200,
          "8": 170
        }
      },
      {
        "weightRange": {
          "min": 11,
          "max": 11.9
        },
        "recommendedQuantityPerMilkRecommendationPerDay": {
          "5": 275,
          "6": 230,
          "8": 190
        }
      },
      {
        "weightRange": {
          "min": 12,
          "max": 12.9
        },
        "recommendedQuantityPerMilkRecommendationPerDay": {
          "5": 300,
          "6": 250,
          "8": 205
        }
      },
      {
        "weightRange": {
          "min": 13,
          "max": 13.9
        },
        "recommendedQuantityPerMilkRecommendationPerDay": {
          "5": 350,
          "6": 275,
          "8": 230
        }
      },
      {
        "weightRange": {
          "min": 14,
          "max": 14.9
        },
        "recommendedQuantityPerMilkRecommendationPerDay": {
          "5": 375,
          "6": 290,
          "8": 250
        }
      },
      {
        "weightRange": {
          "min": 15,
          "max": 19.9
        },
        "recommendedQuantityPerMilkRecommendationPerDay": {
          "5": 400,
          "6": 300,
          "8": 260
        }
      },
      {
        "weightRange": {
          "min": 20,
          "max": 24.9
        },
        "recommendedQuantityPerMilkRecommendationPerDay": {
          "5": 450,
          "6": 320,
          "8": 290
        }
      },
      {
        "weightRange": {
          "min": 25,
          "max": 29.9
        },
        "recommendedQuantityPerMilkRecommendationPerDay": {
          "5": 450,
          "6": 350,
          "8": 300
        }
      },
      {
        "weightRange": {
          "min": 30,
          "max": 39.9
        },
        "recommendedQuantityPerMilkRecommendationPerDay": {
          "5": 500,
          "6": 370,
          "8": 320
        }
      },
      {
        "weightRange": {
          "min": 40,
          "max": 60.9
        },
        "recommendedQuantityPerMilkRecommendationPerDay": {
          "5": 500,
          "6": 400,
          "8": 350
        }
      }
    ],
    "notes": []
  },
  {
    "type": "f100",
    "name": "Lait F100",
    "condition": {
      "value": "((weight>=3) && (age_in_month >=6) )&& ((appetite_test_result == 'Positive') && (complications_number == 0))",
      "variables": [
        "weight",
        "age_in_month",
        "appetite_test_result"
      ]
    },
    "doseFormula": {
      "value": "weight * 130",
      "variables": [
        "weight"
      ]
    },
    "recommendedMilkPerDay": [
      "6",
      "5"
    ],
    "recommendationPerRanges": [
      {
        "weightRange": {
          "min": 3,
          "max": 3.4
        },
        "recommendedQuantityPerMilkRecommendationPerDay": {
          "5": 85,
          "6": 75
        }
      },
      {
        "weightRange": {
          "min": 3.5,
          "max": 3.9
        },
        "recommendedQuantityPerMilkRecommendationPerDay": {
          "5": 95,
          "6": 80
        }
      },
      {
        "weightRange": {
          "min": 4,
          "max": 4.4
        },
        "recommendedQuantityPerMilkRecommendationPerDay": {
          "5": 110,
          "6": 85
        }
      },
      {
        "weightRange": {
          "min": 4.5,
          "max": 4.9
        },
        "recommendedQuantityPerMilkRecommendationPerDay": {
          "5": 120,
          "6": 95
        }
      },
      {
        "weightRange": {
          "min": 5,
          "max": 5.4
        },
        "recommendedQuantityPerMilkRecommendationPerDay": {
          "5": 130,
          "6": 110
        }
      },
      {
        "weightRange": {
          "min": 5.5,
          "max": 5.9
        },
        "recommendedQuantityPerMilkRecommendationPerDay": {
          "5": 150,
          "6": 120
        }
      },
      {
        "weightRange": {
          "min": 6,
          "max": 6.9
        },
        "recommendedQuantityPerMilkRecommendationPerDay": {
          "5": 175,
          "6": 140
        }
      },
      {
        "weightRange": {
          "min": 7,
          "max": 7.9
        },
        "recommendedQuantityPerMilkRecommendationPerDay": {
          "5": 200,
          "6": 160
        }
      },
      {
        "weightRange": {
          "min": 8,
          "max": 8.9
        },
        "recommendedQuantityPerMilkRecommendationPerDay": {
          "5": 225,
          "6": 180
        }
      },
      {
        "weightRange": {
          "min": 9,
          "max": 9.9
        },
        "recommendedQuantityPerMilkRecommendationPerDay": {
          "5": 250,
          "6": 190
        }
      },
      {
        "weightRange": {
          "min": 10,
          "max": 10.9
        },
        "recommendedQuantityPerMilkRecommendationPerDay": {
          "5": 275,
          "6": 200
        }
      },
      {
        "weightRange": {
          "min": 11,
          "max": 11.9
        },
        "recommendedQuantityPerMilkRecommendationPerDay": {
          "5": 275,
          "6": 230
        }
      },
      {
        "weightRange": {
          "min": 12,
          "max": 12.9
        },
        "recommendedQuantityPerMilkRecommendationPerDay": {
          "5": 300,
          "6": 250
        }
      },
      {
        "weightRange": {
          "min": 13,
          "max": 13.9
        },
        "recommendedQuantityPerMilkRecommendationPerDay": {
          "5": 350,
          "6": 275
        }
      },
      {
        "weightRange": {
          "min": 14,
          "max": 14.9
        },
        "recommendedQuantityPerMilkRecommendationPerDay": {
          "5": 375,
          "6": 290
        }
      },
      {
        "weightRange": {
          "min": 15,
          "max": 19.9
        },
        "recommendedQuantityPerMilkRecommendationPerDay": {
          "5": 400,
          "6": 300
        }
      },
      {
        "weightRange": {
          "min": 20,
          "max": 24.9
        },
        "recommendedQuantityPerMilkRecommendationPerDay": {
          "5": 450,
          "6": 320
        }
      },
      {
        "weightRange": {
          "min": 25,
          "max": 29.9
        },
        "recommendedQuantityPerMilkRecommendationPerDay": {
          "5": 450,
          "6": 350
        }
      },
      {
        "weightRange": {
          "min": 30,
          "max": 39.9
        },
        "recommendedQuantityPerMilkRecommendationPerDay": {
          "5": 500,
          "6": 370
        }
      },
      {
        "weightRange": {
          "min": 40,
          "max": 60
        },
        "recommendedQuantityPerMilkRecommendationPerDay": {
          "5": 500,
          "6": 400
        }
      }
    ],
    "notes": []
  },
  {
    "type": "f100_diluted",
    "name": "Lait F100 - dilué",
    "condition": {
      "value": "((weight < 3) || (age_in_month < 6)) && (clinical_edema == 0)",
      "variables": [
        "age_in_month",
        "weight",
        "clinical_edema"
      ]
    },
    "doseFormula": {
      "value": "130 * weight",
      "variables": [
        "weight"
      ]
    },
    "recommendedMilkPerDay": [
      "8"
    ],
    "recommendationPerRanges": [
      {
        "weightRange": {
          "min": 0,
          "max": 1.2
        },
        "recommendedQuantityPerMilkRecommendationPerDay": {
          "8": 25
        }
      },
      {
        "weightRange": {
          "min": 1.3,
          "max": 1.5
        },
        "recommendedQuantityPerMilkRecommendationPerDay": {
          "8": 30
        }
      },
      {
        "weightRange": {
          "min": 1.6,
          "max": 1.7
        },
        "recommendedQuantityPerMilkRecommendationPerDay": {
          "8": 35
        }
      },
      {
        "weightRange": {
          "min": 1.8,
          "max": 2.1
        },
        "recommendedQuantityPerMilkRecommendationPerDay": {
          "8": 40
        }
      },
      {
        "weightRange": {
          "min": 2.2,
          "max": 2.4
        },
        "recommendedQuantityPerMilkRecommendationPerDay": {
          "8": 45
        }
      },
      {
        "weightRange": {
          "min": 2.5,
          "max": 2.7
        },
        "recommendedQuantityPerMilkRecommendationPerDay": {
          "8": 50
        }
      },
      {
        "weightRange": {
          "min": 2.8,
          "max": 2.9
        },
        "recommendedQuantityPerMilkRecommendationPerDay": {
          "8": 55
        }
      },
      {
        "weightRange": {
          "min": 3,
          "max": 3.4
        },
        "recommendedQuantityPerMilkRecommendationPerDay": {
          "8": 60
        }
      },
      {
        "weightRange": {
          "min": 3.5,
          "max": 3.9
        },
        "recommendedQuantityPerMilkRecommendationPerDay": {
          "8": 65
        }
      },
      {
        "weightRange": {
          "min": 4,
          "max": 4.4
        },
        "recommendedQuantityPerMilkRecommendationPerDay": {
          "8": 70
        }
      }
    ],
    "notes": []
  }
]