[
  {
    "code": "f75",
    "dosageTables": [
      {
        "applicability": {
          "condition": {
            "value": "(current_care_phase == \"cnt_phase_aiguë\") && (age_in_month >=6)",
            "variables": [
              "current_care_phase",
              "age_in_month"
            ]
          },
          "descritption": "Le F75 est administré lorsque le patient est en phase de stabilisation",
          "variableExplanation": {
            "current_care_phase": "Phase de soin actuelle du patient (doit être CNT_PHASE1).",
            "age_in_month": "Âge en mois (≥ 6 mois pour ce tableau de doses)."
          }
        },
        "dosages": [
          {
            "weight_kg": [
              2,
              2.1
            ],
            "dosePerMeal": {
              "5": 65,
              "6": 50,
              "8": 40
            }
          },
          {
            "weight_kg": [
              2.2,
              2.4
            ],
            "dosePerMeal": {
              "5": 70,
              "6": 60,
              "8": 45
            }
          },
          {
            "weight_kg": [
              2.5,
              2.7
            ],
            "dosePerMeal": {
              "5": 75,
              "6": 65,
              "8": 50
            }
          },
          {
            "weight_kg": [
              2.8,
              2.9
            ],
            "dosePerMeal": {
              "5": 80,
              "6": 70,
              "8": 55
            }
          },
          {
            "weight_kg": [
              3,
              3.4
            ],
            "dosePerMeal": {
              "5": 85,
              "6": 75,
              "8": 60
            }
          },
          {
            "weight_kg": [
              3.5,
              3.9
            ],
            "dosePerMeal": {
              "5": 95,
              "6": 80,
              "8": 65
            }
          },
          {
            "weight_kg": [
              4,
              4.4
            ],
            "dosePerMeal": {
              "5": 110,
              "6": 85,
              "8": 70
            }
          },
          {
            "weight_kg": [
              4.5,
              4.9
            ],
            "dosePerMeal": {
              "5": 120,
              "6": 95,
              "8": 80
            }
          },
          {
            "weight_kg": [
              5,
              5.4
            ],
            "dosePerMeal": {
              "5": 130,
              "6": 110,
              "8": 90
            }
          },
          {
            "weight_kg": [
              5.5,
              5.9
            ],
            "dosePerMeal": {
              "5": 150,
              "6": 120,
              "8": 100
            }
          },
          {
            "weight_kg": [
              6,
              6.9
            ],
            "dosePerMeal": {
              "5": 175,
              "6": 140,
              "8": 110
            }
          },
          {
            "weight_kg": [
              7,
              7.9
            ],
            "dosePerMeal": {
              "5": 200,
              "6": 160,
              "8": 125
            }
          },
          {
            "weight_kg": [
              8,
              8.9
            ],
            "dosePerMeal": {
              "5": 225,
              "6": 180,
              "8": 140
            }
          },
          {
            "weight_kg": [
              9,
              9.9
            ],
            "dosePerMeal": {
              "5": 250,
              "6": 190,
              "8": 155
            }
          },
          {
            "weight_kg": [
              10,
              10.9
            ],
            "dosePerMeal": {
              "5": 275,
              "6": 200,
              "8": 170
            }
          },
          {
            "weight_kg": [
              11,
              11.9
            ],
            "dosePerMeal": {
              "5": 275,
              "6": 230,
              "8": 190
            }
          },
          {
            "weight_kg": [
              12,
              12.9
            ],
            "dosePerMeal": {
              "5": 300,
              "6": 250,
              "8": 205
            }
          },
          {
            "weight_kg": [
              13,
              13.9
            ],
            "dosePerMeal": {
              "5": 350,
              "6": 275,
              "8": 230
            }
          },
          {
            "weight_kg": [
              13,
              13.9
            ],
            "dosePerMeal": {
              "5": 350,
              "6": 275,
              "8": 230
            }
          },
          {
            "weight_kg": [
              14,
              14.9
            ],
            "dosePerMeal": {
              "5": 375,
              "6": 290,
              "8": 250
            }
          },
          {
            "weight_kg": [
              15,
              19.9
            ],
            "dosePerMeal": {
              "5": 400,
              "6": 300,
              "8": 260
            }
          },
          {
            "weight_kg": [
              20,
              24.9
            ],
            "dosePerMeal": {
              "5": 450,
              "6": 320,
              "8": 290
            }
          },
          {
            "weight_kg": [
              25,
              29.9
            ],
            "dosePerMeal": {
              "5": 450,
              "6": 350,
              "8": 300
            }
          },
          {
            "weight_kg": [
              30,
              39.9
            ],
            "dosePerMeal": {
              "5": 500,
              "6": 370,
              "8": 320
            }
          },
          {
            "weight_kg": [
              40,
              60
            ],
            "dosePerMeal": {
              "5": 500,
              "6": 400,
              "8": 350
            }
          }
        ]
      },
      {
        "applicability": {
          "condition": {
            "value": "(current_care_phase == \"cnt_phase_aiguë\") && ((age_in_month  < 6) || (weight < 3)) && (clinical_edema == 1)",
            "variables": [
              "age_in_month",
              "weight",
              "current_care_phase",
              "clinical_edema"
            ]
          },
          "descritption": "Le F75 se donne chez les enfants de moins de 6 mois ou moins de 3kg, non allaités et qui presente d'œdème bilateraux.",
          "variableExplanation": {
            "current_care_phase": "Phase CNT_PHASE1 (stabilisation).",
            "age_in_month": "Âge en mois (< 6 mois).",
            "weight": "Poids en kg (< 3 kg).",
            "clinical_edema": "Présence d'œdèmes bilatéraux (True)."
          }
        },
        "dosages": [
          {
            "weight_kg": [
              0,
              1.5
            ],
            "dosePerMeal": {
              "8": 30
            }
          },
          {
            "weight_kg": [
              1.6,
              1.8
            ],
            "dosePerMeal": {
              "8": 35
            }
          },
          {
            "weight_kg": [
              1.9,
              2.1
            ],
            "dosePerMeal": {
              "8": 40
            }
          },
          {
            "weight_kg": [
              2.2,
              2.4
            ],
            "dosePerMeal": {
              "8": 45
            }
          },
          {
            "weight_kg": [
              2.5,
              2.7
            ],
            "dosePerMeal": {
              "8": 50
            }
          },
          {
            "weight_kg": [
              2.8,
              2.9
            ],
            "dosePerMeal": {
              "8": 55
            }
          },
          {
            "weight_kg": [
              3,
              3.4
            ],
            "dosePerMeal": {
              "8": 60
            }
          },
          {
            "weight_kg": [
              3.5,
              3.9
            ],
            "dosePerMeal": {
              "8": 65
            }
          },
          {
            "weight_kg": [
              4,
              4.4
            ],
            "dosePerMeal": {
              "8": 70
            }
          }
        ]
      },
      {
        "applicability": {
          "condition": {
            "value": "(current_care_phase == \"cnt_infant_lt6m_lt3kg\") && (clinical_edema == 1)",
            "variables": [
              "current_care_phase"
            ]
          },
          "descritption": "Le F75 est donnée aux enfants de moins de 3kg ou moins de 6 mois allèté et presentant d'œdème",
          "variableExplanation": {
            "current_care_phase": "Phase CNT_INFANT_LT6m_LT3kg.",
            "clinical_edema": "Présence d'œdèmes (True)."
          }
        },
        "dosages": [
          {
            "weight_kg": [
              0,
              1.2
            ],
            "dosePerMeal": {
              "8": 25
            }
          },
          {
            "weight_kg": [
              1.3,
              1.5
            ],
            "dosePerMeal": {
              "8": 30
            }
          },
          {
            "weight_kg": [
              1.6,
              1.7
            ],
            "dosePerMeal": {
              "8": 35
            }
          },
          {
            "weight_kg": [
              1.8,
              2.1
            ],
            "dosePerMeal": {
              "8": 40
            }
          },
          {
            "weight_kg": [
              2.2,
              2.4
            ],
            "dosePerMeal": {
              "8": 45
            }
          },
          {
            "weight_kg": [
              2.5,
              2.7
            ],
            "dosePerMeal": {
              "8": 50
            }
          },
          {
            "weight_kg": [
              2.8,
              2.9
            ],
            "dosePerMeal": {
              "8": 55
            }
          },
          {
            "weight_kg": [
              3,
              3.4
            ],
            "dosePerMeal": {
              "8": 60
            }
          },
          {
            "weight_kg": [
              3.5,
              3.9
            ],
            "dosePerMeal": {
              "8": 65
            }
          },
          {
            "weight_kg": [
              4,
              4.4
            ],
            "dosePerMeal": {
              "8": 70
            }
          }
        ]
      }
    ]
  },
  {
    "code": "f100_diluted",
    "dosageTables": [
      {
        "applicability": {
          "condition": {
            "value": "(current_care_phase == \"cnt_infant_lt6m_lt3kg\") && (clinical_edema == 0)",
            "variables": [
              "current_care_phase"
            ]
          },
          "descritption": "Le F100-dilué est donnée aux enfants de moins de 3kg ou moins de 6 mois allèté et ne presentant d'œdème",
          "variableExplanation": {
            "current_care_phase": "Phase CNT_INFANT_LT6m_LT3kg.",
            "clinical_edema": "Absence d'œdèmes (False)."
          }
        },
        "dosages": [
          {
            "weight_kg": [
              0,
              1.2
            ],
            "dosePerMeal": {
              "8": 25
            }
          },
          {
            "weight_kg": [
              1.3,
              1.5
            ],
            "dosePerMeal": {
              "8": 30
            }
          },
          {
            "weight_kg": [
              1.6,
              1.7
            ],
            "dosePerMeal": {
              "8": 35
            }
          },
          {
            "weight_kg": [
              1.8,
              2.1
            ],
            "dosePerMeal": {
              "8": 40
            }
          },
          {
            "weight_kg": [
              2.2,
              2.4
            ],
            "dosePerMeal": {
              "8": 45
            }
          },
          {
            "weight_kg": [
              2.5,
              2.7
            ],
            "dosePerMeal": {
              "8": 50
            }
          },
          {
            "weight_kg": [
              2.8,
              2.9
            ],
            "dosePerMeal": {
              "8": 55
            }
          },
          {
            "weight_kg": [
              3,
              3.4
            ],
            "dosePerMeal": {
              "8": 60
            }
          },
          {
            "weight_kg": [
              3.5,
              3.9
            ],
            "dosePerMeal": {
              "8": 65
            }
          },
          {
            "weight_kg": [
              4,
              4.4
            ],
            "dosePerMeal": {
              "8": 70
            }
          }
        ]
      },
      {
        "applicability": {
          "condition": {
            "value": "(current_care_phase == \"cnt_phase_aiguë\") && ((age_in_month  < 6) || (weight < 3)) && (clinical_edema == 0)",
            "variables": [
              "age_in_month",
              "weight",
              "current_care_phase",
              "clinical_edema"
            ]
          },
          "descritption": "Le F100-dilué se donne chez les enfants de moins de 6 mois ou moins de 3kg, non allaités et qui ne presentent pas d'œdème bilateraux.",
          "variableExplanation": {
            "current_care_phase": "Phase CNT_PHASE1 (stabilisation).",
            "age_in_month": "Âge en mois (< 6 mois).",
            "weight": "Poids en kg (< 3 kg).",
            "clinical_edema": "Absence d'œdèmes (False)."
          }
        },
        "dosages": [
          {
            "weight_kg": [
              0,
              1.5
            ],
            "dosePerMeal": {
              "8": 30
            }
          },
          {
            "weight_kg": [
              1.6,
              1.8
            ],
            "dosePerMeal": {
              "8": 35
            }
          },
          {
            "weight_kg": [
              1.9,
              2.1
            ],
            "dosePerMeal": {
              "8": 40
            }
          },
          {
            "weight_kg": [
              2.2,
              2.4
            ],
            "dosePerMeal": {
              "8": 45
            }
          },
          {
            "weight_kg": [
              2.5,
              2.7
            ],
            "dosePerMeal": {
              "8": 50
            }
          },
          {
            "weight_kg": [
              2.8,
              2.9
            ],
            "dosePerMeal": {
              "8": 55
            }
          },
          {
            "weight_kg": [
              3,
              3.4
            ],
            "dosePerMeal": {
              "8": 60
            }
          },
          {
            "weight_kg": [
              3.5,
              3.9
            ],
            "dosePerMeal": {
              "8": 65
            }
          },
          {
            "weight_kg": [
              4,
              4.4
            ],
            "dosePerMeal": {
              "8": 70
            }
          }
        ]
      },
      {
        "applicability": {
          "condition": {
            "value": "(current_care_phase == \"cnt_phase_transition\") && ((age_in_month  < 6) || (weight < 3)) && (clinical_edema == 0)",
            "variables": [
              "age_in_month",
              "weight",
              "current_care_phase",
              "clinical_edema"
            ]
          },
          "descritption": "Le F100-dilué se donne chez les enfants de moins de 6 mois ou moins de 3kg, non allaités et qui sont en phase de transition",
          "variableExplanation": {
            "current_care_phase": "Phase CNT_TRANS_PHASE (transition).",
            "age_in_month": "Âge en mois (< 6 mois).",
            "weight": "Poids en kg (< 3 kg).",
            "clinical_edema": "Absence d'œdèmes (False)."
          }
        },
        "dosages": [
          {
            "weight_kg": [
              0,
              1.5
            ],
            "dosePerMeal": {
              "8": 40
            }
          },
          {
            "weight_kg": [
              1.6,
              1.8
            ],
            "dosePerMeal": {
              "8": 45
            }
          },
          {
            "weight_kg": [
              1.9,
              2.1
            ],
            "dosePerMeal": {
              "8": 55
            }
          },
          {
            "weight_kg": [
              2.2,
              2.4
            ],
            "dosePerMeal": {
              "8": 60
            }
          },
          {
            "weight_kg": [
              2.5,
              2.7
            ],
            "dosePerMeal": {
              "8": 65
            }
          },
          {
            "weight_kg": [
              2.8,
              2.9
            ],
            "dosePerMeal": {
              "8": 75
            }
          },
          {
            "weight_kg": [
              3,
              3.4
            ],
            "dosePerMeal": {
              "8": 80
            }
          },
          {
            "weight_kg": [
              3.5,
              3.9
            ],
            "dosePerMeal": {
              "8": 85
            }
          },
          {
            "weight_kg": [
              4,
              4.4
            ],
            "dosePerMeal": {
              "8": 95
            }
          }
        ]
      },
      {
        "applicability": {
          "condition": {
            "value": "(current_care_phase == \"cnt_phase_rehabilitation\") && ((age_in_month  < 6) || (weight < 3)) && (clinical_edema == 0)",
            "variables": [
              "age_in_month",
              "weight",
              "current_care_phase",
              "clinical_edema"
            ]
          },
          "descritption": "Le F100-dilué se donne chez les enfants de moins de 6 mois ou moins de 3kg, non allaités et qui sont en phase de réhabilitation",
          "variableExplanation": {
            "current_care_phase": "Phase CNT_PHASE2 (réhabilitation).",
            "age_in_month": "Âge en mois (< 6 mois).",
            "weight": "Poids en kg (< 3 kg).",
            "clinical_edema": "Absence d'œdèmes (False)."
          }
        },
        "dosages": [
          {
            "weight_kg": [
              0,
              1.5
            ],
            "dosePerMeal": {
              "6": 60
            }
          },
          {
            "weight_kg": [
              1.6,
              1.8
            ],
            "dosePerMeal": {
              "6": 70
            }
          },
          {
            "weight_kg": [
              1.9,
              2.1
            ],
            "dosePerMeal": {
              "6": 80
            }
          },
          {
            "weight_kg": [
              2.2,
              2.4
            ],
            "dosePerMeal": {
              "6": 90
            }
          },
          {
            "weight_kg": [
              2.5,
              2.7
            ],
            "dosePerMeal": {
              "6": 100
            }
          },
          {
            "weight_kg": [
              2.8,
              2.9
            ],
            "dosePerMeal": {
              "6": 110
            }
          },
          {
            "weight_kg": [
              3,
              3.4
            ],
            "dosePerMeal": {
              "6": 120
            }
          },
          {
            "weight_kg": [
              3.5,
              3.9
            ],
            "dosePerMeal": {
              "6": 130
            }
          },
          {
            "weight_kg": [
              4,
              4.4
            ],
            "dosePerMeal": {
              "8": 140
            }
          }
        ]
      }
    ]
  },
  {
    "code": "f100",
    "dosageTables": [
      {
        "applicability": {
          "condition": {
            "value": "(current_care_phase == cnt_phase_transition) && (age_in_month >= 6) && (weight >=3)",
            "variables": [
              "current_care_phase",
              "age_in_month",
              "weight"
            ]
          },
          "descritption": "Le F100 est donné en phase de transition aux enfants de plus de 6 mois et plus de 3 kg de poids corporelle",
          "variableExplanation": {
            "current_care_phase": "Phase CNT_TRANS_PHASE (transition).",
            "age_in_month": "Âge en mois (≥ 6 mois).",
            "weight": "Poids en kg (≥ 3 kg)."
          }
        },
        "dosages": [
          {
            "weight_kg": [
              3,
              3.4
            ],
            "dosePerMeal": {
              "5": 85,
              "6": 75
            }
          },
          {
            "weight_kg": [
              3.5,
              3.9
            ],
            "dosePerMeal": {
              "5": 95,
              "6": 80
            }
          },
          {
            "weight_kg": [
              4,
              4.4
            ],
            "dosePerMeal": {
              "5": 110,
              "6": 85
            }
          },
          {
            "weight_kg": [
              4.5,
              4.9
            ],
            "dosePerMeal": {
              "5": 120,
              "6": 95
            }
          },
          {
            "weight_kg": [
              5,
              5.4
            ],
            "dosePerMeal": {
              "5": 130,
              "6": 110
            }
          },
          {
            "weight_kg": [
              5.5,
              5.9
            ],
            "dosePerMeal": {
              "5": 150,
              "6": 120
            }
          },
          {
            "weight_kg": [
              6,
              6.9
            ],
            "dosePerMeal": {
              "5": 175,
              "6": 140
            }
          },
          {
            "weight_kg": [
              7,
              7.9
            ],
            "dosePerMeal": {
              "5": 200,
              "6": 160
            }
          },
          {
            "weight_kg": [
              8,
              8.9
            ],
            "dosePerMeal": {
              "5": 225,
              "6": 180
            }
          },
          {
            "weight_kg": [
              9,
              9.9
            ],
            "dosePerMeal": {
              "5": 250,
              "6": 190
            }
          },
          {
            "weight_kg": [
              10,
              10.9
            ],
            "dosePerMeal": {
              "5": 275,
              "6": 200
            }
          },
          {
            "weight_kg": [
              11,
              11.9
            ],
            "dosePerMeal": {
              "5": 275,
              "6": 230
            }
          },
          {
            "weight_kg": [
              12,
              12.9
            ],
            "dosePerMeal": {
              "5": 300,
              "6": 250
            }
          },
          {
            "weight_kg": [
              13,
              13.9
            ],
            "dosePerMeal": {
              "5": 350,
              "6": 275
            }
          },
          {
            "weight_kg": [
              14,
              14.9
            ],
            "dosePerMeal": {
              "5": 375,
              "6": 290
            }
          },
          {
            "weight_kg": [
              15,
              19.9
            ],
            "dosePerMeal": {
              "5": 400,
              "6": 300
            }
          },
          {
            "weight_kg": [
              20,
              24.9
            ],
            "dosePerMeal": {
              "5": 450,
              "6": 320
            }
          },
          {
            "weight_kg": [
              25,
              29.9
            ],
            "dosePerMeal": {
              "5": 450,
              "6": 350
            }
          },
          {
            "weight_kg": [
              30,
              39.9
            ],
            "dosePerMeal": {
              "5": 500,
              "6": 370
            }
          },
          {
            "weight_kg": [
              40,
              60
            ],
            "dosePerMeal": {
              "5": 500,
              "6": 400
            }
          }
        ]
      },
      {
        "applicability": {
          "condition": {
            "value": "(current_care_phase == \"cnt_phase_rehabilitation\") && (age_in_month >= 6) && (weight >=3)",
            "variables": [
              "current_care_phase",
              "age_in_month",
              "weight"
            ]
          },
          "descritption": "Le F100 est donné en phase de réhabilitation aux enfants de plus de 6 mois et plus de 3 kg de poids corporelle",
          "variableExplanation": {
            "current_care_phase": "Phase CNT_PHASE2 (réhabilitation).",
            "age_in_month": "Âge en mois (≥ 6 mois).",
            "weight": "Poids en kg (≥ 3 kg)."
          }
        },
        "dosages": [
          {
            "weight_kg": [
              3,
              3.4
            ],
            "dosePerMeal": {
              "5": 130,
              "6": 110
            }
          },
          {
            "weight_kg": [
              3.5,
              3.9
            ],
            "dosePerMeal": {
              "5": 150,
              "6": 125
            }
          },
          {
            "weight_kg": [
              4,
              4.9
            ],
            "dosePerMeal": {
              "5": 160,
              "6": 135
            }
          },
          {
            "weight_kg": [
              5,
              5.9
            ],
            "dosePerMeal": {
              "5": 190,
              "6": 160
            }
          },
          {
            "weight_kg": [
              6,
              6.9
            ],
            "dosePerMeal": {
              "5": 215,
              "6": 180
            }
          },
          {
            "weight_kg": [
              7,
              7.9
            ],
            "dosePerMeal": {
              "5": 240,
              "6": 200
            }
          },
          {
            "weight_kg": [
              8,
              8.9
            ],
            "dosePerMeal": {
              "5": 260,
              "6": 215
            }
          },
          {
            "weight_kg": [
              9,
              9.9
            ],
            "dosePerMeal": {
              "5": 270,
              "6": 225
            }
          },
          {
            "weight_kg": [
              10,
              11.9
            ],
            "dosePerMeal": {
              "5": 280,
              "6": 230
            }
          },
          {
            "weight_kg": [
              12,
              14.9
            ],
            "dosePerMeal": {
              "5": 310,
              "6": 260
            }
          },
          {
            "weight_kg": [
              15,
              19.9
            ],
            "dosePerMeal": {
              "5": 360,
              "6": 300
            }
          },
          {
            "weight_kg": [
              20,
              24.9
            ],
            "dosePerMeal": {
              "5": 440,
              "6": 370
            }
          },
          {
            "weight_kg": [
              25,
              29.9
            ],
            "dosePerMeal": {
              "5": 500,
              "6": 420
            }
          },
          {
            "weight_kg": [
              30,
              39.9
            ],
            "dosePerMeal": {
              "5": 540,
              "6": 450
            }
          },
          {
            "weight_kg": [
              40,
              60
            ],
            "dosePerMeal": {
              "5": 640,
              "6": 530
            }
          }
        ]
      }
    ]
  }
]