[
  {
    "name": "Hyperthermie",
    "code": "clinical_hyperthermia",
    "description": "Une hyperthermie est définie par une température corporelle supérieure ou égale à 38.5°C",
    "evaluationRule": {
      "value": "vital_sign_temperature >= 38.5",
      "variables": [
        "vital_sign_temperature"
      ]
    },
    "data": [
      {
        "code": "vital_sign_temperature",
        "required": true
      }
    ]
  },
  {
    "name": "Hypothermie",
    "code": "clinical_hypothermia",
    "description": "Une hypothermie est définie par une température corporelle inférieure à 35°C",
    "evaluationRule": {
      "value": "vital_sign_temperature < 35",
      "variables": [
        "vital_sign_temperature"
      ]
    },
    "data": [
      {
        "code": "vital_sign_temperature",
        "required": true
      }
    ]
  },
  {
    "name": "Hypoglycémie",
    "code": "clinical_hypoglycemia",
    "description": "Une hypoglycémie est suspectée lorsque le patient présente : des paupières ouvertes pendant le sommeil, une température corporelle inférieure à 36.5°C et/ou une altération du niveau de conscience",
    "evaluationRule": {
      "value": "(question_eyelids_during_sleep == 1) || ((vital_sign_temperature < 36.5) && (question_consciousness_level == 1))",
      "variables": [
        "question_eyelids_during_sleep",
        "vital_sign_temperature",
        "question_consciousness_level"
      ]
    },
    "data": [
      {
        "code": "question_eyelids_during_sleep",
        "required": true
      },
      {
        "code": "vital_sign_temperature",
        "required": true
      },
      {
        "code": "question_consciousness_level",
        "required": true
      }
    ]
  },
  {
    "name": "Diarrhée",
    "code": "clinical_diarrhea",
    "description": "Une diarrhée est définie par un nombre de selles liquides supérieur ou égal à trois par jour",
    "evaluationRule": {
      "value": "data_liquid_stool_count_per_day >= 3",
      "variables": [
        "data_liquid_stool_count_per_day"
      ]
    },
    "data": [
      {
        "code": "data_liquid_stool_count_per_day",
        "required": true
      }
    ]
  },
  {
    "name": "Vomissement",
    "code": "clinical_vomiting",
    "description": "Un vomissement est défini par un nombre de vomissements supérieur ou égal à 1 par jour",
    "evaluationRule": {
      "value": "data_vomiting_count >= 1",
      "variables": [
        "data_vomiting_count"
      ]
    },
    "data": [
      {
        "code": "data_vomiting_count",
        "required": true
      }
    ]
  },
  {
    "name": "Patient Sévèrement malade",
    "code": "clinical_severe_sickness",
    "description": "Un patient est sévèrement malade lorsque le patient a une condition générale altérée, ou une hypothermie, ou une hyperthermie",
    "evaluationRule": {
      "value": "(data_general_condition =='altered') || (vital_sign_temperature >= 38.5) || (vital_sign_temperature < 35)",
      "variables": [
        "data_general_condition",
        "vital_sign_temperature"
      ]
    },
    "data": [
      {
        "code": "data_general_condition",
        "required": true
      },
      {
        "code": "vital_sign_temperature",
        "required": true
      }
    ]
  },
  {
    "name": "Détresse respiratoire",
    "code": "clinical_respiratory_distress",
    "description": "Le patient présente une détresse respiratoire lorsque la fréquence respiratoire par minute est supérieure à l'intervalle normal pour l'âge ou présente un tirage sous-costal.",
    "evaluationRule": {
      "value": "(observation_subcostal_retraction == 1) ||\n        ((age_in_month < 2) && (vital_sign_respiratory_rate > 60)) ||\n        ((age_in_month >= 2) && (age_in_month < 12) && (vital_sign_respiratory_rate > 50)) ||\n        ((age_in_month >= 12) && (age_in_month < 60) && (vital_sign_respiratory_rate > 40)) ||\n        ((age_in_month >= 60) && (vital_sign_respiratory_rate > 30))",
      "variables": [
        "vital_sign_respiratory_rate",
        "observation_subcostal_retraction",
        "age_in_month"
      ]
    },
    "data": [
      {
        "code": "vital_sign_respiratory_rate",
        "required": true
      },
      {
        "code": "observation_subcostal_retraction",
        "required": true
      }
    ]
  },
  {
    "name": "Œdèmes bilatéraux",
    "code": "clinical_edema",
    "evaluationRule": {
      "value": "observation_edema_presence == 1",
      "variables": [
        "observation_edema_presence"
      ]
    },
    "data": [
      {
        "code": "observation_edema_presence",
        "required": true
      },
      {
        "code": "observation_edema_godet_count",
        "required": false
      }
    ],
    "description": "Accumulation bilatérale de liquide dans les tissus mous, prenant le godet à la pression. Indicateur de déficit protéique."
  },
  {
    "name": "Signes cutanés",
    "code": "clinical_skin_sign",
    "evaluationRule": {
      "value": "observation_skin_changes == 1",
      "variables": [
        "observation_skin_changes"
      ]
    },
    "data": [
      {
        "code": "observation_skin_changes",
        "required": true
      }
    ],
    "description": "Altérations cutanées pouvant indiquer des carences en vitamine A, zinc ou acides gras essentiels"
  },
  {
    "name": "Signes capillaires",
    "code": "clinical_hair_sign",
    "evaluationRule": {
      "value": "observation_hair_changes == 1",
      "variables": [
        "observation_hair_changes"
      ]
    },
    "data": [
      {
        "code": "observation_hair_changes",
        "required": true
      }
    ],
    "description": "Altérations capillaires pouvant indiquer des carences en protéines ou zinc"
  },
  {
    "name": "État des ongles",
    "code": "clinical_nails_sign",
    "evaluationRule": {
      "value": "observation_nail_changes == 1",
      "variables": [
        "observation_nail_changes"
      ]
    },
    "data": [
      {
        "code": "observation_nail_changes",
        "required": true
      }
    ],
    "description": "Modifications des ongles pouvant indiquer des carences en protéines ou zinc"
  },
  {
    "name": "Signes de la cornée",
    "code": "clinical_cornea_sign",
    "evaluationRule": {
      "value": "observation_cornea_changes == 1",
      "variables": [
        "observation_cornea_changes"
      ]
    },
    "data": [
      {
        "code": "observation_cornea_changes",
        "required": true
      }
    ],
    "description": "Altérations de la cornée pouvant indiquer une carence en vitamine A"
  },
  {
    "name": "Signes buccaux",
    "code": "clinical_mouth_sign",
    "evaluationRule": {
      "value": "observation_mouth_changes == 1",
      "variables": [
        "observation_mouth_changes"
      ]
    },
    "data": [
      {
        "code": "observation_mouth_changes",
        "required": true
      }
    ],
    "description": "Altérations buccales pouvant indiquer des carences en vitamine B12, folates, riboflavine, fer, ou niacine"
  },
  {
    "name": "Signes hémorragiques",
    "code": "clinical_hemorrhage",
    "evaluationRule": {
      "value": "observation_hemorrhage_signs == 1",
      "variables": [
        "observation_hemorrhage_signs"
      ]
    },
    "data": [
      {
        "code": "observation_hemorrhage_signs",
        "required": true
      }
    ],
    "description": "Signes hémorragiques pouvant indiquer des carences en vitamines K ou C"
  },
  {
    "name": "État musculaire",
    "code": "clinical_muscle_sign",
    "evaluationRule": {
      "value": "observation_muscle_loss == 1",
      "variables": [
        "observation_muscle_loss"
      ]
    },
    "data": [
      {
        "code": "observation_muscle_loss",
        "required": true
      }
    ],
    "description": "Perte de masse musculaire pouvant indiquer des carences en protéines ou sélénium"
  },
  {
    "name": "Signes neurologiques",
    "code": "clinical_neuro_signs",
    "evaluationRule": {
      "value": "observation_neuro_signs == 1",
      "variables": [
        "observation_neuro_signs"
      ]
    },
    "data": [
      {
        "code": "observation_neuro_signs",
        "required": true
      }
    ],
    "description": "Signes neurologiques pouvant indiquer des carences en thiamine ou vitamine B12"
  },
  {
    "name": "État du foie",
    "code": "clinical_liver_signs",
    "evaluationRule": {
      "value": "observation_hepatomegaly == 1",
      "variables": [
        "observation_hepatomegaly"
      ]
    },
    "data": [
      {
        "code": "observation_hepatomegaly",
        "required": true
      }
    ],
    "description": "Hépatomégalie pouvant indiquer des carences en protéines"
  }
]