[
  {
    "name": "Hyperthermie",
    "code": "clinical_hyperthermia",
    "description": "Une hyperthermie est définie par une température corporelle supérieure ou égale à 38.5°C",
    "evaluationRule": {
      "value": "vital_sign_temperature >= 38.5",
      "variables": [
        "vital_sign_temperature"
      ]
    },
    "data": [
      {
        "name": "Température corporelle",
        "code": "vital_sign_temperature",
        "question": "Quelle est la température axillaire du patient (en degrés Celsius) ?",
        "dataType": "number",
        "required": true
      }
    ]
  },
  {
    "name": "Hypothermie",
    "code": "clinical_hypothermia",
    "description": "Une hypothermie est définie par une température corporelle inférieure à 35°C",
    "evaluationRule": {
      "value": "vital_sign_temperature < 35",
      "variables": [
        "vital_sign_temperature"
      ]
    },
    "data": [
      {
        "name": "Température corporelle",
        "code": "vital_sign_temperature",
        "question": "Quelle est la température corporelle du patient (température axillaire) ?",
        "dataType": "number",
        "required": true
      }
    ]
  },
  {
    "name": "Hypoglycémie",
    "code": "clinical_hypoglycemia",
    "description": "Une hypoglycémie est suspectée lorsque le patient présente : des paupières ouvertes pendant le sommeil, une température corporelle inférieure à 36.5°C et/ou une altération du niveau de conscience",
    "evaluationRule": {
      "value": "(question_eyelids_during_sleep == 1) || ((vital_sign_temperature < 36.5) && (question_consciousness_level == 1))",
      "variables": [
        "question_eyelids_during_sleep",
        "vital_sign_temperature",
        "question_consciousness_level"
      ]
    },
    "data": [
      {
        "name": "Aspect des paupières pendant le sommeil",
        "code": "question_eyelids_during_sleep",
        "question": "L'enfant garde-t-il les yeux partiellement ouverts pendant son sommeil ?",
        "dataType": "boolean",
        "required": true
      },
      {
        "name": "Température corporelle",
        "code": "vital_sign_temperature",
        "question": "Quelle est la température corporelle du patient (température axillaire) ?",
        "dataType": "number",
        "required": true
      },
      {
        "name": "Clarté et conscience",
        "code": "question_consciousness_level",
        "question": "L'enfant présente-t-il une diminution de sa réactivité ou de son niveau de conscience ?",
        "dataType": "boolean",
        "required": true
      }
    ]
  },
  {
    "name": "Diarrhée",
    "code": "clinical_diarrhea",
    "description": "Une diarrhée est définie par un nombre de selles liquides supérieur ou égal à trois par jour",
    "evaluationRule": {
      "value": "data_liquid_stool_count_per_day >= 3",
      "variables": [
        "data_liquid_stool_count_per_day"
      ]
    },
    "data": [
      {
        "name": "Nombre de selles liquides par jour",
        "code": "data_liquid_stool_count_per_day",
        "question": "Combien de selles liquides l'enfant a-t-il eu durant les dernières 24 heures ?",
        "dataType": "number",
        "required": true
      }
    ]
  },
  {
    "name": "Vomissement",
    "code": "clinical_vomiting",
    "description": "Un vomissement est défini par un nombre de vomissements supérieur ou égal à 1 par jour",
    "evaluationRule": {
      "value": "data_vomiting_count >= 1",
      "variables": [
        "data_vomiting_count"
      ]
    },
    "data": [
      {
        "name": "Nombre de vomissements par jour",
        "code": "data_vomiting_count",
        "question": "Quel est le nombre de vomissements au cours des dernières 24h ?",
        "dataType": "number",
        "required": true
      }
    ]
  },
  {
    "name": "Patient Sévèrement malade",
    "code": "clinical_severe_sickness",
    "description": "Un patient est sévèrement malade lorsque le patient a une condition générale altérée, ou une hypothermie, ou une hyperthermie",
    "evaluationRule": {
      "value": "(data_general_condition =='altered') || (vital_sign_temperature >= 38.5) || (vital_sign_temperature < 35)",
      "variables": [
        "data_general_condition",
        "vital_sign_temperature"
      ]
    },
    "data": [
      {
        "name": "État Général",
        "code": "data_general_condition",
        "question": "Comment évaluez-vous l'état général du patient ? (normal ou altéré)",
        "dataType": "enum",
        "required": true,
        "enumValue": [
          "altered",
          "normal"
        ]
      },
      {
        "name": "Température Corporelle",
        "code": "vital_sign_temperature",
        "question": "Quelle est la température corporelle du patient (température axillaire) ?",
        "dataType": "number",
        "required": true
      }
    ]
  },
  {
    "name": "Détresse respiratoire",
    "code": "clinical_respiratory_distress",
    "description": "Le patient présente une détresse respiratoire lorsque la fréquence respiratoire par minute est supérieure à l'intervalle normal pour l'âge ou présente un tirage sous-costal.",
    "evaluationRule": {
      "value": "(observation_subcostal_retraction == 1) ||\n        ((age_in_month < 2) && (vital_sign_respiratory_rate > 60)) ||\n        ((age_in_month >= 2) && (age_in_month < 12) && (vital_sign_respiratory_rate > 50)) ||\n        ((age_in_month >= 12) && (age_in_month < 60) && (vital_sign_respiratory_rate > 40)) ||\n        ((age_in_month >= 60) && (vital_sign_respiratory_rate > 30))",
      "variables": [
        "vital_sign_respiratory_rate",
        "observation_subcostal_retraction",
        "age_in_month"
      ]
    },
    "data": [
      {
        "name": "Fréquence respiratoire",
        "code": "vital_sign_respiratory_rate",
        "question": "Combien de respirations par minute l'enfant effectue-t-il (sur une minute complète) ?",
        "dataType": "number",
        "required": true
      },
      {
        "name": "Tirage sous-costal",
        "code": "observation_subcostal_retraction",
        "question": "Observez-vous un creusement sous les côtes lors de la respiration de l'enfant ?",
        "dataType": "boolean",
        "required": true
      }
    ]
  },
  {
    "name": "Œdèmes bilatéraux",
    "code": "clinical_edema",
    "evaluationRule": {
      "value": "observation_edema_presence == 1",
      "variables": [
        "observation_edema_presence"
      ]
    },
    "data": [
      {
        "name": "Présence d'œdèmes bilatéraux",
        "code": "observation_edema_presence",
        "question": "L'enfant présente-t-il des œdèmes bilatéraux prenant le godet ?",
        "dataType": "boolean",
        "required": true
      },
      {
        "name": "Degré de sévérité des œdèmes",
        "code": "observation_edema_godet_count",
        "question": "Quel est le degré de sévérité des œdèmes ? (0=Absent, 1=Léger/pieds, 2=Modéré/jambes et mains, 3=Sévère/généralisé)",
        "dataType": "range",
        "dataRange": [
          0,
          3
        ],
        "required": true
      }
    ],
    "description": "Accumulation bilatérale de liquide dans les tissus mous, prenant le godet à la pression. Indicateur de déficit protéique."
  },
  {
    "name": "Signes cutanés",
    "code": "clinical_skin_sign",
    "evaluationRule": {
      "value": "observation_skin_changes == 1",
      "variables": [
        "observation_skin_changes"
      ]
    },
    "data": [
      {
        "name": "État de la peau",
        "code": "observation_skin_changes",
        "question": "Observez-vous des altérations cutanées (peau sèche, crevasses) ?",
        "dataType": "boolean",
        "required": true
      }
    ],
    "description": "Altérations cutanées pouvant indiquer des carences en vitamine A, zinc ou acides gras essentiels"
  },
  {
    "name": "Signes capillaires",
    "code": "clinical_hair_sign",
    "evaluationRule": {
      "value": "observation_hair_changes == 1",
      "variables": [
        "observation_hair_changes"
      ]
    },
    "data": [
      {
        "name": "État des cheveux",
        "code": "observation_hair_changes",
        "question": "Les cheveux sont-ils secs, cassants, ternes ou anormalement fins ?",
        "dataType": "boolean",
        "required": true
      }
    ],
    "description": "Altérations capillaires pouvant indiquer des carences en protéines ou zinc"
  },
  {
    "name": "État des ongles",
    "code": "clinical_nails_sign",
    "evaluationRule": {
      "value": "observation_nail_changes == 1",
      "variables": [
        "observation_nail_changes"
      ]
    },
    "data": [
      {
        "name": "Altérations des ongles",
        "code": "observation_nail_changes",
        "question": "Les ongles présentent-ils des striations ou des déformations ?",
        "dataType": "boolean",
        "required": true
      }
    ],
    "description": "Modifications des ongles pouvant indiquer des carences en protéines ou zinc"
  },
  {
    "name": "Signes de la cornée",
    "code": "clinical_cornea_sign",
    "evaluationRule": {
      "value": "observation_cornea_changes == 1",
      "variables": [
        "observation_cornea_changes"
      ]
    },
    "data": [
      {
        "name": "État de la cornée",
        "code": "observation_cornea_changes",
        "question": "Observez-vous une sclérose ou une opacité de la cornée ?",
        "dataType": "boolean",
        "required": true
      }
    ],
    "description": "Altérations de la cornée pouvant indiquer une carence en vitamine A"
  },
  {
    "name": "Signes buccaux",
    "code": "clinical_mouth_sign",
    "evaluationRule": {
      "value": "observation_mouth_changes == 1",
      "variables": [
        "observation_mouth_changes"
      ]
    },
    "data": [
      {
        "name": "État de la langue et la bouche",
        "code": "observation_mouth_changes",
        "question": "Y a-t-il présence d'une langue dépapillée ou d'une stomatite excoriante ?",
        "dataType": "boolean",
        "required": true
      }
    ],
    "description": "Altérations buccales pouvant indiquer des carences en vitamine B12, folates, riboflavine, fer, ou niacine"
  },
  {
    "name": "Signes hémorragiques",
    "code": "clinical_hemorrhage",
    "evaluationRule": {
      "value": "observation_hemorrhage_signs == 1",
      "variables": [
        "observation_hemorrhage_signs"
      ]
    },
    "data": [
      {
        "name": "Signes hémorragiques",
        "code": "observation_hemorrhage_signs",
        "question": "Observez-vous des pétéchies ou des ecchymoses ?",
        "dataType": "boolean",
        "required": true
      }
    ],
    "description": "Signes hémorragiques pouvant indiquer des carences en vitamines K ou C"
  },
  {
    "name": "État musculaire",
    "code": "clinical_muscle_sign",
    "evaluationRule": {
      "value": "observation_muscle_loss == 1",
      "variables": [
        "observation_muscle_loss"
      ]
    },
    "data": [
      {
        "name": "Perte musculaire",
        "code": "observation_muscle_loss",
        "question": "Observez-vous une perte de la masse musculaire ?",
        "dataType": "boolean",
        "required": true
      }
    ],
    "description": "Perte de masse musculaire pouvant indiquer des carences en protéines ou sélénium"
  },
  {
    "name": "Signes neurologiques",
    "code": "clinical_neuro_signs",
    "evaluationRule": {
      "value": "observation_neuro_signs == 1",
      "variables": [
        "observation_neuro_signs"
      ]
    },
    "data": [
      {
        "name": "Signes neurologiques",
        "code": "observation_neuro_signs",
        "question": "L'enfant présente-t-il des paresthésies ou une ataxie ?",
        "dataType": "boolean",
        "required": true
      }
    ],
    "description": "Signes neurologiques pouvant indiquer des carences en thiamine ou vitamine B12"
  },
  {
    "name": "État du foie",
    "code": "clinical_liver_signs",
    "evaluationRule": {
      "value": "observation_hepatomegaly == 1",
      "variables": [
        "observation_hepatomegaly"
      ]
    },
    "data": [
      {
        "name": "Hépatomégalie",
        "code": "observation_hepatomegaly",
        "question": "Constatez-vous une hépatomégalie ?",
        "dataType": "boolean",
        "required": true
      }
    ],
    "description": "Hépatomégalie pouvant indiquer des carences en protéines"
  }
]